assembly	protein	gene_product	database	contig	coordinates	nearest_mobile_element_bp	mobile_adjacent_5kb	mobile_adjacent_10kb	context_call_10kb	adjacent_mobile_features
GCF_000007785.1	WP_001028144.1	bifunctional aminoglycoside N-acetyltransferase AAC(6')-Ie/aminoglycoside O-phosphotransferase APH(2'')-Ia	CARD	NC_004669.1	49141-50580	130	1	1	MOBILE-ADJACENT	IS256-like element IS256 family transposase; IS6-like element IS1216 family transposase; type IV conjugative transfer system protein TraE
GCF_000007785.1	WP_001038790.1	23S rRNA (adenine(2058)-N(6))-methyltransferase Erm(B)	CARD	NC_004669.1	6333-7070	208	1	1	MOBILE-ADJACENT	IS6-like element IS1216 family transposase; TraB family protein; conjugal transfer protein TraA
GCF_000007785.1	WP_002358140.1	multidrug efflux MFS transporter EmeA	CARD	NC_004668.1	1048290-1049444	70681	0	0	no mobile element within 10 kb	
GCF_000007785.1	WP_002360302.1	trimethoprim-sensitive dihydrofolate reductase	CARD	NC_004668.1	1530013-1530507	37033	0	0	no mobile element within 10 kb	
GCF_000007785.1	WP_002368685.1	D-Ala-D-Ala dipeptidase VanX	CARD	NC_004668.1	2212353-2212961	5780	0	1	MOBILE-ADJACENT	
GCF_000007785.1	WP_002368691.1	D-alanine--(R)-lactate ligase VanB	CARD	NC_004668.1	2212967-2213995	6071	0	1	MOBILE-ADJACENT	
GCF_000007785.1	WP_002368693.1	D-lactate dehydrogenase VanH	CARD	NC_004668.1	2213988-2214959	5107	0	1	MOBILE-ADJACENT	
GCF_000007785.1	WP_002368694.1	glycopeptide resistance accessory protein VanW-B	CARD	NC_004668.1	2214956-2215783	4283	1	1	MOBILE-ADJACENT	relaxase/mobilization nuclease domain-containing protein
GCF_000007785.1	WP_002368695.1	D-Ala-D-Ala carboxypeptidase VanY-B	CARD	NC_004668.1	2215801-2216607	3459	1	1	MOBILE-ADJACENT	relaxase/mobilization nuclease domain-containing protein
GCF_000007785.1	WP_002368696.1	vancomycin resistance histidine kinase VanS-B	CARD	NC_004668.1	2216783-2218126	1940	1	1	MOBILE-ADJACENT	plasmid mobilization protein; relaxase/mobilization nuclease domain-containing protein
GCF_000007785.1	WP_002368697.1	vancomycin resistance response regulator transcription factor VanR-B	CARD	NC_004668.1	2218126-2218788	1278	1	1	MOBILE-ADJACENT	plasmid mobilization protein; relaxase/mobilization nuclease domain-containing protein
GCF_000007785.1	WP_002387187.1	ABC-F type ribosomal protection protein Lsa(A)	CARD	NC_004668.1	2631164-2632660	68669	0	0	no mobile element within 10 kb	
GCF_000007785.1	WP_002387312.1	multidrug efflux ABC transporter subunit EfrA	CARD	NC_004668.1	2798453-2800180	28229	0	0	no mobile element within 10 kb	
GCF_000007785.1	WP_002387383.1	serine/threonine protein kinase IreK	CARD	NC_004668.1	2994908-2997064	18030	0	0	no mobile element within 10 kb	
GCF_000007785.1	WP_010730188.1	quaternary ammonium compound efflux SMR transporter QacH	CARD	NC_004669.1	8712-9035	449	1	1	MOBILE-ADJACENT	IS6 family transposase; IS6-like element IS1216 family transposase; conjugal transfer protein TraA
GCF_000007785.1	WP_002355633.1	ATP-dependent Clp endopeptidase proteolytic subunit ClpP	VFDB	NC_004668.1	730237-730830	154688	0	0	no mobile element within 10 kb	
GCF_000007785.1	WP_002356954.1	Mn/Fe ABC transporter substrate-binding lipoprotein EfaA	VFDB	NC_004668.1	1996629-1997555	34144	0	0	no mobile element within 10 kb	
GCF_000007785.1	WP_002357513.1	BMC domain-containing protein	VFDB	NC_004668.1	1580187-1580477	19594	0	0	no mobile element within 10 kb	
GCF_000007785.1	WP_002358181.1	lanthipeptide cytolysin subunit CylL-S	VFDB	NC_004668.1	484860-485051	1669	1	1	MOBILE-ADJACENT	IS256-like element IS256 family transposase; IS6 family transposase
GCF_000007785.1	WP_002358485.1	lanthipeptide cytolysin subunit CylL-L	VFDB	NC_004668.1	484620-484826	1429	1	1	MOBILE-ADJACENT	IS256-like element IS256 family transposase; IS6 family transposase
GCF_000007785.1	WP_002359680.1	phosphatidate cytidylyltransferase	VFDB	NC_004668.1	2419136-2419936	24792	0	0	no mobile element within 10 kb	
GCF_000007785.1	WP_002359685.1	UDP-N-acetylmuramate dehydrogenase	VFDB	NC_004668.1	2410074-2412527	32201	0	0	no mobile element within 10 kb	
GCF_000007785.1	WP_002362225.1	undecaprenyl pyrophosphate synthase	VFDB	NC_004668.1	2419933-2420748	23980	0	0	no mobile element within 10 kb	
GCF_000007785.1	WP_002362618.1	CDP-glycerol glycerophosphotransferase family protein	VFDB	NC_004668.1	2417494-2418663	26065	0	0	no mobile element within 10 kb	
GCF_000007785.1	WP_002362627.1	ABC transporter permease	VFDB	NC_004668.1	2406279-2407091	37637	0	0	no mobile element within 10 kb	
GCF_000007785.1	WP_002367100.1	casular polysaccharide biosynthesis protein CpsF	VFDB	NC_004668.1	2412554-2413405	31323	0	0	no mobile element within 10 kb	
GCF_000007785.1	WP_002369215.1	fibrinogen-binding MSCRAMM adhesin Fss3	VFDB	NC_004668.1	1838713-1841940	6450	0	1	MOBILE-ADJACENT	
GCF_000007785.1	WP_002369249.1	quorum-sensing system protein FsrB	VFDB	NC_004668.1	1766068-1766796	26232	0	0	no mobile element within 10 kb	
GCF_000007785.1	WP_002369251.1	gelatinase GelE	VFDB	NC_004668.1	1762961-1764493	28535	0	0	no mobile element within 10 kb	
GCF_000007785.1	WP_002369252.1	serine proteinase SprE	VFDB	NC_004668.1	1762058-1762912	30116	0	0	no mobile element within 10 kb	
GCF_000007785.1	WP_002370235.1	LPXTG-anchored aggregation substance	VFDB;VFDB;VFDB;VFDB	NC_004668.1	450218-454123	3767	1	1	MOBILE-ADJACENT	tyrosine-type recombinase/integrase
GCF_000007785.1	WP_002370472.1	glycosyltransferase family A protein	VFDB	NC_004668.1	2416009-2417475	27253	0	0	no mobile element within 10 kb	
GCF_000007785.1	WP_002370929.1	type 2 lanthipeptide synthetase LanM family protein	VFDB	NC_004668.1	485112-488093	910	1	1	MOBILE-ADJACENT	IS256-like element IS256 family transposase; IS30 family transposase; IS6 family transposase
GCF_000007785.1	WP_002370931.1	cytolysin regulator CylR2	VFDB	NC_004668.1	484016-484216	825	1	1	MOBILE-ADJACENT	IS256-like element IS256 family transposase; IS6 family transposase
GCF_000007785.1	WP_002376666.1	UDP-galactopyranose mutase	VFDB	NC_004668.1	2408460-2409599	35129	0	0	no mobile element within 10 kb	
GCF_000007785.1	WP_002379309.1	endocarditis and biofilm-associated pilus minor subunit EbpB	VFDB	NC_004668.1	1060702-1062132	57993	0	0	no mobile element within 10 kb	
GCF_000007785.1	WP_002379311.1	Ebp pilus assembly class C sortase	VFDB	NC_004668.1	1064100-1064954	55171	0	0	no mobile element within 10 kb	
GCF_000007785.1	WP_002386893.1	GHKL domain-containing protein, partial	VFDB	NC_004668.1	1764728-1766071	26957	0	0	no mobile element within 10 kb	
GCF_000007785.1	WP_002387027.1	LacI family transcriptional regulator BopD	VFDB	NC_004668.1	915924-916934	203191	0	0	no mobile element within 10 kb	
GCF_000007785.1	WP_002387127.1	ATP-binding cassette domain-containing protein	VFDB	NC_004668.1	2407091-2408476	36252	0	0	no mobile element within 10 kb	
GCF_000007785.1	WP_002387128.1	lipoprotein CpsH	VFDB	NC_004668.1	2409658-2410056	34672	0	0	no mobile element within 10 kb	
GCF_000007785.1	WP_002387129.1	glycosyltransferase family 2 protein	VFDB	NC_004668.1	2413429-2415939	28789	0	0	no mobile element within 10 kb	
GCF_000007785.1	WP_002395058.1	LPXTG-anchored aggregation substance PrgB/Asc10	VFDB;VFDB;VFDB;VFDB	NC_004671.1	9960-13877	4406	1	1	MOBILE-ADJACENT	type IV secretion system protein
GCF_000007785.1	WP_002399773.1	hyaluronate lyase HylB	VFDB	NC_004668.1	779877-782891	204328	0	0	no mobile element within 10 kb	
GCF_000007785.1	WP_010714416.1	collagen-binding MSCRAMM adhesin Ace	VFDB	NC_004668.1	1068036-1070060	50065	0	0	no mobile element within 10 kb	
GCF_000007785.1	WP_010774166.1	cysteine peptidase family C39 domain-containing protein	VFDB	NC_004668.1	488105-488917	86	1	1	MOBILE-ADJACENT	IS256-like element IS256 family transposase; IS30 family transposase; IS6 family transposase
GCF_000007785.1	WP_010774232.1	fibrinogen-binding MSCRAMM adhesin Fss3	VFDB	NC_004668.1	2266768-2269992	5715	0	1	MOBILE-ADJACENT	
GCF_000007785.1	WP_010785625.1	LPXTG-anchored aggregation substance Asa1	VFDB;VFDB;VFDB	NC_004669.1	35117-39007	4809	1	1	MOBILE-ADJACENT	type IV conjugative transfer system protein TraE
GCF_000007785.1	WP_011109430.1	LPXTG-anchored aggregation substance	VFDB;VFDB;VFDB	NC_004668.1	146450-150367	3011	1	1	MOBILE-ADJACENT	
GCF_000007785.1	WP_011109477.1	endocarditis and biofilm-associated pilus major subunit EbpC	VFDB	NC_004668.1	1062129-1064006	56119	0	0	no mobile element within 10 kb	
GCF_000007785.1	WP_011109506.1	response regulator transcription factor FsrA	VFDB	NC_004668.1	1766885-1767616	25412	0	0	no mobile element within 10 kb	
GCF_000007785.1	WP_011109578.1	EF3023 family LPXTG-anchored polysaccharide lyase	VFDB	NC_004668.1	2901752-2905870	69836	0	0	no mobile element within 10 kb	
GCF_000007785.1	WP_154081516.1	endocarditis and biofilm-associated pilus tip protein EbpA	VFDB	NC_004668.1	1057234-1060698	59427	0	0	no mobile element within 10 kb	
GCF_001720945.1	WP_000402348.1	D-Ala-D-Ala dipeptidase VanX-A	CARD;CARD	NZ_CP012431.1	18419-19027	2330	1	1	MOBILE-ADJACENT	IS30 family transposase; ISL3-like element IS1251 family transposase; recombinase family protein
GCF_001720945.1	WP_000516404.1	glycopeptide resistance protein VanZ-A	CARD	NZ_CP012431.1	16442-16927	1806	1	1	MOBILE-ADJACENT	IS256-like element ISEfm2 family transposase; IS30 family transposase; ISL3-like element IS1251 family transposase
GCF_001720945.1	WP_000868795.1	trimethoprim-resistant dihydrofolate reductase DfrG	CARD;CARD	NZ_CP012430.1	2400049-2400546	3499	1	1	MOBILE-ADJACENT	ISL3-like element ISEfa11 family transposase; site-specific integrase
GCF_001720945.1	WP_001028141.1	bifunctional aminoglycoside N-acetyltransferase AAC(6')-Ie/aminoglycoside O-phosphotransferase APH(2'')-Ia	CARD	NZ_CP012430.1	1807046-1808485	130	1	1	MOBILE-ADJACENT	DDE-type integrase/transposase/recombinase; IS110 family transposase; IS256-like element IS256 family transposase
GCF_001720945.1	WP_001038792.1	23S rRNA (adenine(2058)-N(6))-methyltransferase Erm(B)	CARD	NZ_CP012431.1	32401-33138	354	1	1	MOBILE-ADJACENT	IS1182-like element IS1182 family transposase; IS6-like element IS1216 family transposase
GCF_001720945.1	WP_001059542.1	D-lactate dehydrogenase VanH-A	CARD	NZ_CP012431.1	20057-21025	332	1	1	MOBILE-ADJACENT	IS6-like element IS1216 family transposase; ISL3-like element IS1251 family transposase; recombinase family protein
GCF_001720945.1	WP_001079843.1	D-alanine--(R)-lactate ligase VanA	CARD;CARD	NZ_CP012431.1	19033-20064	1293	1	1	MOBILE-ADJACENT	ISL3-like element IS1251 family transposase; recombinase family protein
GCF_001720945.1	WP_001096887.1	aminoglycoside O-phosphotransferase APH(3')-IIIa	CARD	NZ_CP012431.1	26809-27603	848	1	1	MOBILE-ADJACENT	IS1182-like element IS1182 family transposase; IS6-like element IS1216 family transposase; ISL3-like element IS1251 family transposase
GCF_001720945.1	WP_001255866.1	aminoglycoside nucleotidyltransferase ANT(6)-Ia	CARD;CARD	NZ_CP012431.1	28234-29142	2001	1	1	MOBILE-ADJACENT	IS1182-like element IS1182 family transposase; IS6-like element IS1216 family transposase; recombinase family protein
GCF_001720945.1	WP_001280781.1	vancomycin resistance response regulator transcription factor VanR-A	CARD	NZ_CP012431.1	23879-24574	214	1	1	MOBILE-ADJACENT	IS6-like element IS1216 family transposase; ISL3-like element IS1251 family transposase; recombinase family protein
GCF_001720945.1	WP_001812592.1	D-Ala-D-Ala carboxypeptidase VanY-A	CARD	NZ_CP012431.1	17080-17991	2444	1	1	MOBILE-ADJACENT	IS30 family transposase; ISL3-like element IS1251 family transposase; recombinase family protein
GCF_001720945.1	WP_002287458.1	ABC-F type ribosomal protection protein Msr(C)	CARD	NZ_CP012430.1	2646643-2648121	23780	0	0	no mobile element within 10 kb	
GCF_001720945.1	WP_002289795.1	aminoglycoside 6'-N-acetyltransferase	CARD	NZ_CP012430.1	3045991-3046539	14268	0	0	no mobile element within 10 kb	
GCF_001720945.1	WP_002291207.1	multidrug efflux MFS transporter EfmA	CARD	NZ_CP012430.1	1882618-1883904	82	1	1	MOBILE-ADJACENT	ISL3-like element IS1251 family transposase
GCF_001720945.1	WP_002296290.1	multidrug efflux ABC transporter subunit EfrA	CARD	NZ_CP012430.1	329904-331634	2521	1	1	MOBILE-ADJACENT	ISL3-like element ISEfa11 family transposase
GCF_001720945.1	WP_002305818.1	vancomycin resistance histidine kinase VanS-A	CARD	NZ_CP012431.1	22747-23901	98	1	1	MOBILE-ADJACENT	IS6-like element IS1216 family transposase; ISL3-like element IS1251 family transposase; recombinase family protein
GCF_001720945.1	WP_002345002.1	23S rRNA (adenine(2058)-N(6))-methyltransferase Erm(T)	CARD	NZ_CP012430.1	2164483-2165217	221	1	1	MOBILE-ADJACENT	IS6-like element IS1216 family transposase; MobV family relaxase
GCF_001720945.1	WP_002345004.1	tetracycline efflux MFS transporter Tet(L)	CARD	NZ_CP012430.1	2169628-2171001	564	1	1	MOBILE-ADJACENT	IS6-like element IS1216 family transposase; MobV family relaxase
GCF_001720945.1	WP_002345005.1	tetracycline resistance ribosomal protection protein Tet(M)	CARD;CARD	NZ_CP012430.1	2171099-2173018	377	1	1	MOBILE-ADJACENT	IS6-like element IS1216 family transposase; MobV family relaxase
GCF_001720945.1	WP_010730188.1	quaternary ammonium compound efflux SMR transporter QacH	CARD	NZ_CP012430.1	1811386-1811709	449	1	1	MOBILE-ADJACENT	IS256-like element IS256 family transposase; IS6-like element IS1216 family transposase; Tn3 family transposase
GCF_001720945.1	WP_002286379.1	LacI family DNA-binding transcriptional regulator	VFDB	NZ_CP012430.1	2030436-2031455	79978	0	0	no mobile element within 10 kb	
GCF_001720945.1	WP_002289238.1	collagen-binding MSCRAMM adhesin Acm	VFDB	NZ_CP012430.1	3032924-3035089	1201	1	1	MOBILE-ADJACENT	IS256-like element ISEfm2 family transposase
GCF_001720945.1	WP_002289382.1	collagen-binding MSCRAMM adhesin Scm	VFDB	NZ_CP012430.1	2506013-2507995	31810	0	0	no mobile element within 10 kb	
GCF_001720945.1	WP_002289402.1	ATP-dependent Clp endopeptidase proteolytic subunit ClpP	VFDB	NZ_CP012430.1	334425-335018	3721	1	1	MOBILE-ADJACENT	IS30 family transposase
GCF_001720945.1	WP_002296629.1	LPXTG-anchored fibrinogen/nidogen-binding adhesin SgrA	VFDB	NZ_CP012430.1	1313813-1314787	4187	1	1	MOBILE-ADJACENT	IS110 family transposase
GCF_001720945.1	WP_002297368.1	fibrinogen-binding MSCRAMM adhesin Fss3	VFDB	NZ_CP012430.1	2601268-2604495	417	1	1	MOBILE-ADJACENT	pLS20_p028 family conjugation system transmembrane protein; site-specific integrase
GCF_002007625.1	WP_000067268.1	aminoglycoside nucleotidyltransferase ANT(9)-Ia	CARD	NZ_CP019208.1	2994959-2995741	538	1	1	MOBILE-ADJACENT	site-specific integrase; tyrosine-type recombinase/integrase
GCF_002007625.1	WP_000402347.1	D-Ala-D-Ala dipeptidase VanX-A	CARD;CARD	NZ_CP019210.1	28515-29123	95	1	1	MOBILE-ADJACENT	IS256-like element IS1542 family transposase; IS6-like element IS1216 family transposase; recombinase family protein
GCF_002007625.1	WP_000516404.1	glycopeptide resistance protein VanZ-A	CARD	NZ_CP019210.1	25896-26381	1359	1	1	MOBILE-ADJACENT	IS21-like element helper ATPase IstB; IS6-like element IS1216 family transposase; recombinase family protein
GCF_002007625.1	WP_001038796.1	23S rRNA (adenine(2058)-N(6))-methyltransferase Erm(B)	CARD	NZ_CP019210.1	1556-2293	1963	1	1	MOBILE-ADJACENT	IS6-like element IS1216 family transposase
GCF_002007625.1	WP_001059542.1	D-lactate dehydrogenase VanH-A	CARD	NZ_CP019210.1	30153-31121	1733	1	1	MOBILE-ADJACENT	IS256-like element IS1542 family transposase; IS6-like element IS1216 family transposase; recombinase family protein
GCF_002007625.1	WP_001072201.1	23S rRNA (adenine(2058)-N(6))-methyltransferase Erm(A)	CARD;CARD	NZ_CP019208.1	2995867-2996598	1446	1	1	MOBILE-ADJACENT	site-specific integrase; tyrosine-type recombinase/integrase
GCF_002007625.1	WP_001079845.1	D-alanine--(R)-lactate ligase VanA	CARD;CARD	NZ_CP019210.1	29129-30160	709	1	1	MOBILE-ADJACENT	IS256-like element IS1542 family transposase; IS6-like element IS1216 family transposase; recombinase family protein
GCF_002007625.1	WP_001096887.1	aminoglycoside O-phosphotransferase APH(3')-IIIa	CARD	NZ_CP019210.1	12-806	3450	1	1	MOBILE-ADJACENT	IS6-like element IS1216 family transposase
GCF_002007625.1	WP_001280781.1	vancomycin resistance response regulator transcription factor VanR-A	CARD	NZ_CP019210.1	32468-33163	152	1	1	MOBILE-ADJACENT	IS256-like element IS1542 family transposase; IS6-like element IS1216 family transposase; recombinase family protein
GCF_002007625.1	WP_001812592.1	D-Ala-D-Ala carboxypeptidase VanY-A	CARD	NZ_CP019210.1	26534-27445	295	1	1	MOBILE-ADJACENT	IS6-like element IS1216 family transposase; recombinase family protein
GCF_002007625.1	WP_002289795.1	aminoglycoside 6'-N-acetyltransferase	CARD	NZ_CP019208.1	2891197-2891745	31514	0	0	no mobile element within 10 kb	
GCF_002007625.1	WP_002296290.1	multidrug efflux ABC transporter subunit EfrA	CARD	NZ_CP019208.1	3001037-3002767	6616	0	1	MOBILE-ADJACENT	
GCF_002007625.1	WP_002302681.1	ABC-F type ribosomal protection protein Msr(C)	CARD	NZ_CP019208.1	2437160-2438638	13042	0	0	no mobile element within 10 kb	
GCF_002007625.1	WP_002305818.1	vancomycin resistance histidine kinase VanS-A	CARD	NZ_CP019210.1	31336-32490	825	1	1	MOBILE-ADJACENT	IS256-like element IS1542 family transposase; IS6-like element IS1216 family transposase; recombinase family protein
GCF_002007625.1	WP_002323378.1	multidrug efflux MFS transporter EfmA	CARD	NZ_CP019208.1	1721728-1723014	21627	0	0	no mobile element within 10 kb	
GCF_002007625.1	WP_002289238.1	collagen-binding MSCRAMM adhesin Acm	VFDB	NZ_CP019208.1	2878130-2880295	18447	0	0	no mobile element within 10 kb	
GCF_002007625.1	WP_002289402.1	ATP-dependent Clp endopeptidase proteolytic subunit ClpP	VFDB	NZ_CP019208.1	3005556-3006149	11135	0	0	no mobile element within 10 kb	
GCF_002007625.1	WP_002294628.1	LacI family DNA-binding transcriptional regulator	VFDB	NZ_CP019208.1	1861083-1862102	50079	0	0	no mobile element within 10 kb	
GCF_002007625.1	WP_002296629.1	LPXTG-anchored fibrinogen/nidogen-binding adhesin SgrA	VFDB	NZ_CP019208.1	745090-746064	4177	1	1	MOBILE-ADJACENT	IS110 family RNA-guided transposase
GCF_002007625.1	WP_010729285.1	fibrinogen-binding MSCRAMM adhesin Fss3	VFDB	NZ_CP019208.1	2395191-2398418	5248	0	1	MOBILE-ADJACENT	
GCF_002007625.1	WP_059355941.1	Rib/alpha-like domain-containing protein	VFDB	NZ_CP019208.1	2363178-2369105	222	1	1	MOBILE-ADJACENT	IS256-like element IS16 family transposase; IS30 family transposase
GCF_006494835.1	WP_002358140.1	multidrug efflux MFS transporter EmeA	CARD	NZ_CP039296.1	1048282-1049436	70687	0	0	no mobile element within 10 kb	
GCF_006494835.1	WP_002360302.1	trimethoprim-sensitive dihydrofolate reductase	CARD	NZ_CP039296.1	1530011-1530505	37033	0	0	no mobile element within 10 kb	
GCF_006494835.1	WP_002368685.1	D-Ala-D-Ala dipeptidase VanX	CARD	NZ_CP039296.1	2212353-2212961	5780	0	1	MOBILE-ADJACENT	
GCF_006494835.1	WP_002368691.1	D-alanine--(R)-lactate ligase VanB	CARD	NZ_CP039296.1	2212967-2213995	6071	0	1	MOBILE-ADJACENT	
GCF_006494835.1	WP_002368693.1	D-lactate dehydrogenase VanH	CARD	NZ_CP039296.1	2213988-2214959	5107	0	1	MOBILE-ADJACENT	
GCF_006494835.1	WP_002368694.1	glycopeptide resistance accessory protein VanW-B	CARD	NZ_CP039296.1	2214956-2215783	4283	1	1	MOBILE-ADJACENT	relaxase/mobilization nuclease domain-containing protein
GCF_006494835.1	WP_002368695.1	D-Ala-D-Ala carboxypeptidase VanY-B	CARD	NZ_CP039296.1	2215801-2216607	3459	1	1	MOBILE-ADJACENT	relaxase/mobilization nuclease domain-containing protein
GCF_006494835.1	WP_002368696.1	vancomycin resistance histidine kinase VanS-B	CARD	NZ_CP039296.1	2216783-2218126	1940	1	1	MOBILE-ADJACENT	plasmid mobilization protein; relaxase/mobilization nuclease domain-containing protein
GCF_006494835.1	WP_002368697.1	vancomycin resistance response regulator transcription factor VanR-B	CARD	NZ_CP039296.1	2218126-2218788	1278	1	1	MOBILE-ADJACENT	plasmid mobilization protein; relaxase/mobilization nuclease domain-containing protein
GCF_006494835.1	WP_002387187.1	ABC-F type ribosomal protection protein Lsa(A)	CARD	NZ_CP039296.1	2631448-2632944	68668	0	0	no mobile element within 10 kb	
GCF_006494835.1	WP_002387312.1	multidrug efflux ABC transporter subunit EfrA	CARD	NZ_CP039296.1	2798736-2800463	28229	0	0	no mobile element within 10 kb	
GCF_006494835.1	WP_002387383.1	serine/threonine protein kinase IreK	CARD	NZ_CP039296.1	2995191-2997347	18030	0	0	no mobile element within 10 kb	
GCF_006494835.1	WP_002355633.1	ATP-dependent Clp endopeptidase proteolytic subunit ClpP	VFDB	NZ_CP039296.1	730234-730827	154688	0	0	no mobile element within 10 kb	
GCF_006494835.1	WP_002356954.1	Mn/Fe ABC transporter substrate-binding lipoprotein EfaA	VFDB	NZ_CP039296.1	1996626-1997552	34144	0	0	no mobile element within 10 kb	
GCF_006494835.1	WP_002357513.1	BMC domain-containing protein	VFDB	NZ_CP039296.1	1580184-1580474	19594	0	0	no mobile element within 10 kb	
GCF_006494835.1	WP_002358181.1	lanthipeptide cytolysin subunit CylL-S	VFDB	NZ_CP039296.1	484857-485048	1669	1	1	MOBILE-ADJACENT	IS256-like element IS256 family transposase; IS6 family transposase
GCF_006494835.1	WP_002358485.1	lanthipeptide cytolysin subunit CylL-L	VFDB	NZ_CP039296.1	484617-484823	1429	1	1	MOBILE-ADJACENT	IS256-like element IS256 family transposase; IS6 family transposase
GCF_006494835.1	WP_002359680.1	phosphatidate cytidylyltransferase	VFDB	NZ_CP039296.1	2419418-2420218	24792	0	0	no mobile element within 10 kb	
GCF_006494835.1	WP_002359685.1	UDP-N-acetylmuramate dehydrogenase	VFDB	NZ_CP039296.1	2410356-2412809	32201	0	0	no mobile element within 10 kb	
GCF_006494835.1	WP_002362225.1	undecaprenyl pyrophosphate synthase	VFDB	NZ_CP039296.1	2420215-2421030	23980	0	0	no mobile element within 10 kb	
GCF_006494835.1	WP_002362618.1	CDP-glycerol glycerophosphotransferase family protein	VFDB	NZ_CP039296.1	2417776-2418945	26065	0	0	no mobile element within 10 kb	
GCF_006494835.1	WP_002362627.1	ABC transporter permease	VFDB	NZ_CP039296.1	2406561-2407373	37637	0	0	no mobile element within 10 kb	
GCF_006494835.1	WP_002367100.1	casular polysaccharide biosynthesis protein CpsF	VFDB	NZ_CP039296.1	2412836-2413687	31323	0	0	no mobile element within 10 kb	
GCF_006494835.1	WP_002369215.1	fibrinogen-binding MSCRAMM adhesin Fss3	VFDB	NZ_CP039296.1	1838710-1841937	6450	0	1	MOBILE-ADJACENT	
GCF_006494835.1	WP_002369249.1	quorum-sensing system protein FsrB	VFDB	NZ_CP039296.1	1766065-1766793	26232	0	0	no mobile element within 10 kb	
GCF_006494835.1	WP_002369251.1	gelatinase GelE	VFDB	NZ_CP039296.1	1762958-1764490	28535	0	0	no mobile element within 10 kb	
GCF_006494835.1	WP_002369252.1	serine proteinase SprE	VFDB	NZ_CP039296.1	1762055-1762909	30116	0	0	no mobile element within 10 kb	
GCF_006494835.1	WP_002370235.1	LPXTG-anchored aggregation substance	VFDB;VFDB;VFDB;VFDB	NZ_CP039296.1	450215-454120	3767	1	1	MOBILE-ADJACENT	tyrosine-type recombinase/integrase
GCF_006494835.1	WP_002370472.1	glycosyltransferase family A protein	VFDB	NZ_CP039296.1	2416291-2417757	27253	0	0	no mobile element within 10 kb	
GCF_006494835.1	WP_002370929.1	type 2 lanthipeptide synthetase LanM family protein	VFDB	NZ_CP039296.1	485109-488090	910	1	1	MOBILE-ADJACENT	IS256-like element IS256 family transposase; IS30-like element ISEnfa364 family transposase; IS6 family transposase
GCF_006494835.1	WP_002370931.1	cytolysin regulator CylR2	VFDB	NZ_CP039296.1	484013-484213	825	1	1	MOBILE-ADJACENT	IS256-like element IS256 family transposase; IS6 family transposase
GCF_006494835.1	WP_002376666.1	UDP-galactopyranose mutase	VFDB	NZ_CP039296.1	2408742-2409881	35129	0	0	no mobile element within 10 kb	
GCF_006494835.1	WP_002379309.1	endocarditis and biofilm-associated pilus minor subunit EbpB	VFDB	NZ_CP039296.1	1060694-1062124	57999	0	0	no mobile element within 10 kb	
GCF_006494835.1	WP_002379310.1	endocarditis and biofilm-associated pilus major subunit EbpC	VFDB	NZ_CP039296.1	1062121-1064004	56119	0	0	no mobile element within 10 kb	
GCF_006494835.1	WP_002379311.1	Ebp pilus assembly class C sortase	VFDB	NZ_CP039296.1	1064098-1064952	55171	0	0	no mobile element within 10 kb	
GCF_006494835.1	WP_002386893.1	GHKL domain-containing protein, partial	VFDB	NZ_CP039296.1	1764725-1766068	26957	0	0	no mobile element within 10 kb	
GCF_006494835.1	WP_002387027.1	LacI family transcriptional regulator BopD	VFDB	NZ_CP039296.1	915921-916931	203192	0	0	no mobile element within 10 kb	
GCF_006494835.1	WP_002387127.1	ATP-binding cassette domain-containing protein	VFDB	NZ_CP039296.1	2407373-2408758	36252	0	0	no mobile element within 10 kb	
GCF_006494835.1	WP_002387128.1	lipoprotein CpsH	VFDB	NZ_CP039296.1	2409940-2410338	34672	0	0	no mobile element within 10 kb	
GCF_006494835.1	WP_002387129.1	glycosyltransferase family 2 protein	VFDB	NZ_CP039296.1	2413711-2416221	28789	0	0	no mobile element within 10 kb	
GCF_006494835.1	WP_002399773.1	hyaluronate lyase HylB	VFDB	NZ_CP039296.1	779874-782888	204328	0	0	no mobile element within 10 kb	
GCF_006494835.1	WP_010714416.1	collagen-binding MSCRAMM adhesin Ace	VFDB	NZ_CP039296.1	1068034-1070058	50065	0	0	no mobile element within 10 kb	
GCF_006494835.1	WP_010774166.1	cysteine peptidase family C39 domain-containing protein	VFDB	NZ_CP039296.1	488102-488914	86	1	1	MOBILE-ADJACENT	IS256-like element IS256 family transposase; IS30-like element ISEnfa364 family transposase; IS6 family transposase
GCF_006494835.1	WP_010774232.1	fibrinogen-binding MSCRAMM adhesin Fss3	VFDB	NZ_CP039296.1	2266768-2269992	5715	0	1	MOBILE-ADJACENT	
GCF_006494835.1	WP_011109430.1	LPXTG-anchored aggregation substance	VFDB;VFDB;VFDB	NZ_CP039296.1	146451-150368	3011	1	1	MOBILE-ADJACENT	
GCF_006494835.1	WP_011109506.1	response regulator transcription factor FsrA	VFDB	NZ_CP039296.1	1766882-1767613	25412	0	0	no mobile element within 10 kb	
GCF_006494835.1	WP_011109578.1	EF3023 family LPXTG-anchored polysaccharide lyase	VFDB	NZ_CP039296.1	2902035-2906153	69836	0	0	no mobile element within 10 kb	
GCF_006494835.1	WP_154081516.1	endocarditis and biofilm-associated pilus tip protein EbpA	VFDB	NZ_CP039296.1	1057226-1060690	59433	0	0	no mobile element within 10 kb	
GCF_006494855.1	WP_002358140.1	multidrug efflux MFS transporter EmeA	CARD	NZ_CP039548.1	1048282-1049436	70687	0	0	no mobile element within 10 kb	
GCF_006494855.1	WP_002360302.1	trimethoprim-sensitive dihydrofolate reductase	CARD	NZ_CP039548.1	1530011-1530505	37033	0	0	no mobile element within 10 kb	
GCF_006494855.1	WP_002368685.1	D-Ala-D-Ala dipeptidase VanX	CARD	NZ_CP039548.1	2212353-2212961	5780	0	1	MOBILE-ADJACENT	
GCF_006494855.1	WP_002368691.1	D-alanine--(R)-lactate ligase VanB	CARD	NZ_CP039548.1	2212967-2213995	6071	0	1	MOBILE-ADJACENT	
GCF_006494855.1	WP_002368693.1	D-lactate dehydrogenase VanH	CARD	NZ_CP039548.1	2213988-2214959	5107	0	1	MOBILE-ADJACENT	
GCF_006494855.1	WP_002368694.1	glycopeptide resistance accessory protein VanW-B	CARD	NZ_CP039548.1	2214956-2215783	4283	1	1	MOBILE-ADJACENT	relaxase/mobilization nuclease domain-containing protein
GCF_006494855.1	WP_002368695.1	D-Ala-D-Ala carboxypeptidase VanY-B	CARD	NZ_CP039548.1	2215801-2216607	3459	1	1	MOBILE-ADJACENT	relaxase/mobilization nuclease domain-containing protein
GCF_006494855.1	WP_002368696.1	vancomycin resistance histidine kinase VanS-B	CARD	NZ_CP039548.1	2216783-2218126	1940	1	1	MOBILE-ADJACENT	plasmid mobilization protein; relaxase/mobilization nuclease domain-containing protein
GCF_006494855.1	WP_002368697.1	vancomycin resistance response regulator transcription factor VanR-B	CARD	NZ_CP039548.1	2218126-2218788	1278	1	1	MOBILE-ADJACENT	plasmid mobilization protein; relaxase/mobilization nuclease domain-containing protein
GCF_006494855.1	WP_002387187.1	ABC-F type ribosomal protection protein Lsa(A)	CARD	NZ_CP039548.1	2631448-2632944	68668	0	0	no mobile element within 10 kb	
GCF_006494855.1	WP_002387312.1	multidrug efflux ABC transporter subunit EfrA	CARD	NZ_CP039548.1	2798736-2800463	28229	0	0	no mobile element within 10 kb	
GCF_006494855.1	WP_002387383.1	serine/threonine protein kinase IreK	CARD	NZ_CP039548.1	2995191-2997347	18030	0	0	no mobile element within 10 kb	
GCF_006494855.1	WP_002355633.1	ATP-dependent Clp endopeptidase proteolytic subunit ClpP	VFDB	NZ_CP039548.1	730234-730827	154688	0	0	no mobile element within 10 kb	
GCF_006494855.1	WP_002356954.1	Mn/Fe ABC transporter substrate-binding lipoprotein EfaA	VFDB	NZ_CP039548.1	1996626-1997552	34144	0	0	no mobile element within 10 kb	
GCF_006494855.1	WP_002357513.1	BMC domain-containing protein	VFDB	NZ_CP039548.1	1580184-1580474	19594	0	0	no mobile element within 10 kb	
GCF_006494855.1	WP_002358181.1	lanthipeptide cytolysin subunit CylL-S	VFDB	NZ_CP039548.1	484857-485048	1669	1	1	MOBILE-ADJACENT	IS256-like element IS256 family transposase; IS6 family transposase
GCF_006494855.1	WP_002358485.1	lanthipeptide cytolysin subunit CylL-L	VFDB	NZ_CP039548.1	484617-484823	1429	1	1	MOBILE-ADJACENT	IS256-like element IS256 family transposase; IS6 family transposase
GCF_006494855.1	WP_002359680.1	phosphatidate cytidylyltransferase	VFDB	NZ_CP039548.1	2419418-2420218	24792	0	0	no mobile element within 10 kb	
GCF_006494855.1	WP_002359685.1	UDP-N-acetylmuramate dehydrogenase	VFDB	NZ_CP039548.1	2410356-2412809	32201	0	0	no mobile element within 10 kb	
GCF_006494855.1	WP_002362225.1	undecaprenyl pyrophosphate synthase	VFDB	NZ_CP039548.1	2420215-2421030	23980	0	0	no mobile element within 10 kb	
GCF_006494855.1	WP_002362618.1	CDP-glycerol glycerophosphotransferase family protein	VFDB	NZ_CP039548.1	2417776-2418945	26065	0	0	no mobile element within 10 kb	
GCF_006494855.1	WP_002362627.1	ABC transporter permease	VFDB	NZ_CP039548.1	2406561-2407373	37637	0	0	no mobile element within 10 kb	
GCF_006494855.1	WP_002367100.1	casular polysaccharide biosynthesis protein CpsF	VFDB	NZ_CP039548.1	2412836-2413687	31323	0	0	no mobile element within 10 kb	
GCF_006494855.1	WP_002369215.1	fibrinogen-binding MSCRAMM adhesin Fss3	VFDB	NZ_CP039548.1	1838710-1841937	6450	0	1	MOBILE-ADJACENT	
GCF_006494855.1	WP_002369249.1	quorum-sensing system protein FsrB	VFDB	NZ_CP039548.1	1766065-1766793	26232	0	0	no mobile element within 10 kb	
GCF_006494855.1	WP_002369251.1	gelatinase GelE	VFDB	NZ_CP039548.1	1762958-1764490	28535	0	0	no mobile element within 10 kb	
GCF_006494855.1	WP_002369252.1	serine proteinase SprE	VFDB	NZ_CP039548.1	1762055-1762909	30116	0	0	no mobile element within 10 kb	
GCF_006494855.1	WP_002370235.1	LPXTG-anchored aggregation substance	VFDB;VFDB;VFDB;VFDB	NZ_CP039548.1	450215-454120	3767	1	1	MOBILE-ADJACENT	tyrosine-type recombinase/integrase
GCF_006494855.1	WP_002370472.1	glycosyltransferase family A protein	VFDB	NZ_CP039548.1	2416291-2417757	27253	0	0	no mobile element within 10 kb	
GCF_006494855.1	WP_002370929.1	type 2 lanthipeptide synthetase LanM family protein	VFDB	NZ_CP039548.1	485109-488090	910	1	1	MOBILE-ADJACENT	IS256-like element IS256 family transposase; IS30-like element ISEnfa364 family transposase; IS6 family transposase
GCF_006494855.1	WP_002370931.1	cytolysin regulator CylR2	VFDB	NZ_CP039548.1	484013-484213	825	1	1	MOBILE-ADJACENT	IS256-like element IS256 family transposase; IS6 family transposase
GCF_006494855.1	WP_002376666.1	UDP-galactopyranose mutase	VFDB	NZ_CP039548.1	2408742-2409881	35129	0	0	no mobile element within 10 kb	
GCF_006494855.1	WP_002379309.1	endocarditis and biofilm-associated pilus minor subunit EbpB	VFDB	NZ_CP039548.1	1060694-1062124	57999	0	0	no mobile element within 10 kb	
GCF_006494855.1	WP_002379310.1	endocarditis and biofilm-associated pilus major subunit EbpC	VFDB	NZ_CP039548.1	1062121-1064004	56119	0	0	no mobile element within 10 kb	
GCF_006494855.1	WP_002379311.1	Ebp pilus assembly class C sortase	VFDB	NZ_CP039548.1	1064098-1064952	55171	0	0	no mobile element within 10 kb	
GCF_006494855.1	WP_002386893.1	GHKL domain-containing protein, partial	VFDB	NZ_CP039548.1	1764725-1766068	26957	0	0	no mobile element within 10 kb	
GCF_006494855.1	WP_002387027.1	LacI family transcriptional regulator BopD	VFDB	NZ_CP039548.1	915921-916931	203192	0	0	no mobile element within 10 kb	
GCF_006494855.1	WP_002387127.1	ATP-binding cassette domain-containing protein	VFDB	NZ_CP039548.1	2407373-2408758	36252	0	0	no mobile element within 10 kb	
GCF_006494855.1	WP_002387128.1	lipoprotein CpsH	VFDB	NZ_CP039548.1	2409940-2410338	34672	0	0	no mobile element within 10 kb	
GCF_006494855.1	WP_002387129.1	glycosyltransferase family 2 protein	VFDB	NZ_CP039548.1	2413711-2416221	28789	0	0	no mobile element within 10 kb	
GCF_006494855.1	WP_002399773.1	hyaluronate lyase HylB	VFDB	NZ_CP039548.1	779874-782888	204328	0	0	no mobile element within 10 kb	
GCF_006494855.1	WP_010714416.1	collagen-binding MSCRAMM adhesin Ace	VFDB	NZ_CP039548.1	1068034-1070058	50065	0	0	no mobile element within 10 kb	
GCF_006494855.1	WP_010774166.1	cysteine peptidase family C39 domain-containing protein	VFDB	NZ_CP039548.1	488102-488914	86	1	1	MOBILE-ADJACENT	IS256-like element IS256 family transposase; IS30-like element ISEnfa364 family transposase; IS6 family transposase
GCF_006494855.1	WP_010774232.1	fibrinogen-binding MSCRAMM adhesin Fss3	VFDB	NZ_CP039548.1	2266768-2269992	5715	0	1	MOBILE-ADJACENT	
GCF_006494855.1	WP_011109430.1	LPXTG-anchored aggregation substance	VFDB;VFDB;VFDB	NZ_CP039548.1	146451-150368	3011	1	1	MOBILE-ADJACENT	
GCF_006494855.1	WP_011109506.1	response regulator transcription factor FsrA	VFDB	NZ_CP039548.1	1766882-1767613	25412	0	0	no mobile element within 10 kb	
GCF_006494855.1	WP_011109578.1	EF3023 family LPXTG-anchored polysaccharide lyase	VFDB	NZ_CP039548.1	2902035-2906153	69836	0	0	no mobile element within 10 kb	
GCF_006494855.1	WP_154081516.1	endocarditis and biofilm-associated pilus tip protein EbpA	VFDB	NZ_CP039548.1	1057226-1060690	59433	0	0	no mobile element within 10 kb	
GCF_009697285.1	WP_000402347.1	D-Ala-D-Ala dipeptidase VanX-A	CARD;CARD	NZ_CP046078.1	33782-34390	477	1	1	MOBILE-ADJACENT	IS6-like element IS1216 family transposase; Tn3 family transposase; recombinase family protein
GCF_009697285.1	WP_000868795.1	trimethoprim-resistant dihydrofolate reductase DfrG	CARD;CARD	NZ_CP046077.1	1219228-1219725	4083	1	1	MOBILE-ADJACENT	IS256-like element ISEf1 family transposase
GCF_009697285.1	WP_001028144.1	bifunctional aminoglycoside N-acetyltransferase AAC(6')-Ie/aminoglycoside O-phosphotransferase APH(2'')-Ia	CARD	NZ_CP046076.1	169750-171189	130	1	1	MOBILE-ADJACENT	IS256-like element IS256 family transposase; IS6-like element IS1216 family transposase; recombinase family protein
GCF_009697285.1	WP_001038790.1	23S rRNA (adenine(2058)-N(6))-methyltransferase Erm(B)	CARD	NZ_CP046078.1	24907-25644	197	1	1	MOBILE-ADJACENT	Tn3 family transposase; recombinase family protein
GCF_009697285.1	WP_001059542.1	D-lactate dehydrogenase VanH-A	CARD	NZ_CP046078.1	31784-32752	2115	1	1	MOBILE-ADJACENT	IS6-like element IS1216 family transposase; Tn3 family transposase; recombinase family protein
GCF_009697285.1	WP_001079844.1	D-alanine--(R)-lactate ligase VanA	CARD;CARD	NZ_CP046078.1	32745-33776	1091	1	1	MOBILE-ADJACENT	IS6-like element IS1216 family transposase; Tn3 family transposase; recombinase family protein
GCF_009697285.1	WP_001280781.1	vancomycin resistance response regulator transcription factor VanR-A	CARD	NZ_CP046078.1	29742-30437	214	1	1	MOBILE-ADJACENT	IS6-like element IS1216 family transposase; Tn3 family transposase; recombinase family protein
GCF_009697285.1	WP_001574275.1	tetracycline resistance ribosomal protection protein Tet(M)	CARD;CARD	NZ_CP046076.1	195756-197675	90	1	1	MOBILE-ADJACENT	IS256-like element ISEf1 family transposase; IS66 family insertion sequence element accessory protein TnpB; IS66 family transposase
GCF_009697285.1	WP_001574277.1	tetracycline efflux MFS transporter Tet(L)	CARD	NZ_CP046076.1	192840-194216	272	1	1	MOBILE-ADJACENT	IS256-like element ISEf1 family transposase; IS66 family insertion sequence element accessory protein TnpB; IS66 family transposase
GCF_009697285.1	WP_002287458.1	ABC-F type ribosomal protection protein Msr(C)	CARD	NZ_CP046077.1	2822091-2823569	6165	0	1	MOBILE-ADJACENT	
GCF_009697285.1	WP_002289795.1	aminoglycoside 6'-N-acetyltransferase	CARD	NZ_CP046077.1	2347228-2347776	71037	0	0	no mobile element within 10 kb	
GCF_009697285.1	WP_002291207.1	multidrug efflux MFS transporter EfmA	CARD	NZ_CP046077.1	563402-564688	25537	0	0	no mobile element within 10 kb	
GCF_009697285.1	WP_002296290.1	multidrug efflux ABC transporter subunit EfrA	CARD	NZ_CP046077.1	2247983-2249713	7105	0	1	MOBILE-ADJACENT	
GCF_009697285.1	WP_002305818.1	vancomycin resistance histidine kinase VanS-A	CARD	NZ_CP046078.1	30415-31569	887	1	1	MOBILE-ADJACENT	IS6-like element IS1216 family transposase; Tn3 family transposase; recombinase family protein
GCF_009697285.1	WP_002286379.1	LacI family DNA-binding transcriptional regulator	VFDB	NZ_CP046077.1	415613-416632	1779	1	1	MOBILE-ADJACENT	ISL3 family transposase
GCF_009697285.1	WP_002286924.1	fibrinogen-binding MSCRAMM adhesin Fss3	VFDB	NZ_CP046077.1	1933308-1936535	4329	1	1	MOBILE-ADJACENT	MobT family relaxase
GCF_009697285.1	WP_002289238.1	collagen-binding MSCRAMM adhesin Acm	VFDB	NZ_CP046077.1	2358677-2360842	66674	0	0	no mobile element within 10 kb	
GCF_009697285.1	WP_002289402.1	ATP-dependent Clp endopeptidase proteolytic subunit ClpP	VFDB	NZ_CP046077.1	2244599-2245192	3721	1	1	MOBILE-ADJACENT	IS30 family transposase
GCF_009697285.1	WP_002296629.1	LPXTG-anchored fibrinogen/nidogen-binding adhesin SgrA	VFDB	NZ_CP046077.1	1576247-1577221	4187	1	1	MOBILE-ADJACENT	IS110 family RNA-guided transposase
GCF_009697285.1	WP_002305526.1	fibrinogen-binding MSCRAMM adhesin Fss3	VFDB	NZ_CP046077.1	2867193-2870420	417	1	1	MOBILE-ADJACENT	pLS20_p028 family conjugation system transmembrane protein; site-specific integrase
GCF_009697285.1	WP_061102120.1	collagen-binding MSCRAMM adhesin Scm	VFDB	NZ_CP046077.1	2988356-2989939	31804	0	0	no mobile element within 10 kb	
GCF_009697285.1	WP_154494750.1	Rib/alpha-like domain-containing protein	VFDB	NZ_CP046077.1	2900965-2906667	4397	1	1	MOBILE-ADJACENT	DDE-type integrase/transposase/recombinase; IS3 family transposase
GCF_009734005.1	WP_002289795.1	aminoglycoside 6'-N-acetyltransferase	CARD	NZ_CP038996.1	2131069-2131617	13951	0	0	no mobile element within 10 kb	
GCF_009734005.1	WP_002291207.1	multidrug efflux MFS transporter EfmA	CARD	NZ_CP038996.1	501359-502645	20181	0	0	no mobile element within 10 kb	
GCF_009734005.1	WP_002296290.1	multidrug efflux ABC transporter subunit EfrA	CARD	NZ_CP038996.1	1986815-1988545	6909	0	1	MOBILE-ADJACENT	
GCF_009734005.1	WP_002302681.1	ABC-F type ribosomal protection protein Msr(C)	CARD	NZ_CP038996.1	2621539-2623017	24023	0	0	no mobile element within 10 kb	
GCF_009734005.1	WP_063856712.1	D-alanine--(R)-lactate ligase VanM	CARD;CARD	NZ_CP038997.1	56521-57552	300	1	1	MOBILE-ADJACENT	IS200/IS605 family element RNA-guided endonuclease TnpB; IS200/IS605-like element ISEfa4 family transposase; IS6-like element IS1216 family transposase
GCF_009734005.1	WP_063856726.1	vancomycin resistance response regulator transcription factor VanR-M	CARD	NZ_CP038997.1	60729-61427	275	1	1	MOBILE-ADJACENT	IS6-like element IS1216 family transposase
GCF_009734005.1	WP_063856748.1	vancomycin resistance histidine kinase VanS-M	CARD	NZ_CP038997.1	59624-60736	966	1	1	MOBILE-ADJACENT	IS6-like element IS1216 family transposase
GCF_009734005.1	WP_069286758.1	D-lactate dehydrogenase VanH	CARD	NZ_CP038997.1	57545-58513	1324	1	1	MOBILE-ADJACENT	IS200/IS605 family element RNA-guided endonuclease TnpB; IS200/IS605-like element ISEfa4 family transposase; IS6-like element IS1216 family transposase
GCF_009734005.1	WP_107309513.1	D-Ala-D-Ala carboxypeptidase VanY-M	CARD	NZ_CP038997.1	58651-59514	2188	1	1	MOBILE-ADJACENT	IS200/IS605 family element RNA-guided endonuclease TnpB; IS200/IS605-like element ISEfa4 family transposase; IS6-like element IS1216 family transposase
GCF_009734005.1	WP_002286379.1	LacI family DNA-binding transcriptional regulator	VFDB	NZ_CP038996.1	356729-357748	19048	0	0	no mobile element within 10 kb	
GCF_009734005.1	WP_002289238.1	collagen-binding MSCRAMM adhesin Acm	VFDB	NZ_CP038996.1	2142519-2144684	18454	0	0	no mobile element within 10 kb	
GCF_009734005.1	WP_002289382.1	collagen-binding MSCRAMM adhesin Scm	VFDB	NZ_CP038996.1	2754144-2756126	31805	0	0	no mobile element within 10 kb	
GCF_009734005.1	WP_002289402.1	ATP-dependent Clp endopeptidase proteolytic subunit ClpP	VFDB	NZ_CP038996.1	1983431-1984024	3721	1	1	MOBILE-ADJACENT	IS30 family transposase
GCF_009734005.1	WP_002296629.1	LPXTG-anchored fibrinogen/nidogen-binding adhesin SgrA	VFDB	NZ_CP038996.1	1451632-1452606	4187	1	1	MOBILE-ADJACENT	IS110 family RNA-guided transposase
GCF_009734005.1	WP_010729285.1	fibrinogen-binding MSCRAMM adhesin Fss3	VFDB	NZ_CP038996.1	2660366-2663593	5248	0	1	MOBILE-ADJACENT	
GCF_009734005.1	WP_016252734.1	Rib/alpha-like domain-containing protein	VFDB	NZ_CP038996.1	2690069-2695996	924	1	1	MOBILE-ADJACENT	IS110 family RNA-guided transposase; IS3 family transposase; transposase family protein
GCF_018986755.2	WP_000402347.1	D-Ala-D-Ala dipeptidase VanX-A	CARD;CARD	NZ_CP075608.1	6122-6730	4169	1	1	MOBILE-ADJACENT	IS6-like element IS1216 family transposase
GCF_018986755.2	WP_000516404.1	glycopeptide resistance protein VanZ-A	CARD	NZ_CP075608.1	8221-8706	4370	1	1	MOBILE-ADJACENT	IS6-like element IS1216 family transposase
GCF_018986755.2	WP_000627290.1	streptothricin N-acetyltransferase Sat4	CARD	NZ_CP075605.1	52772-53314	2829	1	1	MOBILE-ADJACENT	IS3 family transposase; IS6-like element IS1216 family transposase; transposase
GCF_018986755.2	WP_000691736.1	tetracycline resistance ribosomal protection protein Tet(M)	CARD;CARD	NZ_CP075604.2	3242133-3244052	377	1	1	MOBILE-ADJACENT	excisionase; tyrosine-type recombinase/integrase
GCF_018986755.2	WP_001028144.1	bifunctional aminoglycoside N-acetyltransferase AAC(6')-Ie/aminoglycoside O-phosphotransferase APH(2'')-Ia	CARD	NZ_CP075604.2	619511-620950	130	1	1	MOBILE-ADJACENT	IS256-like element IS256 family transposase
GCF_018986755.2	WP_001059542.1	D-lactate dehydrogenase VanH-A	CARD	NZ_CP075608.1	4124-5092	2171	1	1	MOBILE-ADJACENT	IS6-like element IS1216 family transposase
GCF_018986755.2	WP_001079845.1	D-alanine--(R)-lactate ligase VanA	CARD;CARD	NZ_CP075608.1	5085-6116	3132	1	1	MOBILE-ADJACENT	IS6-like element IS1216 family transposase
GCF_018986755.2	WP_001096887.1	aminoglycoside O-phosphotransferase APH(3')-IIIa	CARD	NZ_CP075605.1	53407-54201	3064	1	1	MOBILE-ADJACENT	IS6-like element IS1216 family transposase
GCF_018986755.2	WP_001255866.1	aminoglycoside nucleotidyltransferase ANT(6)-Ia	CARD;CARD	NZ_CP075605.1	51867-52775	1924	1	1	MOBILE-ADJACENT	IS3 family transposase; IS6-like element IS1216 family transposase; transposase
GCF_018986755.2	WP_001280781.1	vancomycin resistance response regulator transcription factor VanR-A	CARD	NZ_CP075608.1	2082-2777	129	1	1	MOBILE-ADJACENT	IS6-like element IS1216 family transposase
GCF_018986755.2	WP_002292226.1	23S rRNA (adenine(2058)-N(6))-methyltransferase Erm(B)	CARD	NZ_CP075605.1	63956-64693	127	1	1	MOBILE-ADJACENT	IS6-like element IS1216 family transposase; MobV family relaxase
GCF_018986755.2	WP_002305818.1	vancomycin resistance histidine kinase VanS-A	CARD	NZ_CP075608.1	2755-3909	802	1	1	MOBILE-ADJACENT	IS6-like element IS1216 family transposase
GCF_018986755.2	WP_002331392.1	type A-7 chloramphenicol O-acetyltransferase	CARD;CARD;CARD	NZ_CP075605.1	68101-68748	305	1	1	MOBILE-ADJACENT	IS6-like element IS1216 family transposase; MobV family relaxase
GCF_018986755.2	WP_002357568.1	trimethoprim-sensitive dihydrofolate reductase	CARD	NZ_CP075604.2	1596040-1596534	37033	0	0	no mobile element within 10 kb	
GCF_018986755.2	WP_002358140.1	multidrug efflux MFS transporter EmeA	CARD	NZ_CP075604.2	1109143-1110297	15526	0	0	no mobile element within 10 kb	
GCF_018986755.2	WP_002398829.1	ABC-F type ribosomal protection protein Lsa(A)	CARD	NZ_CP075604.2	2640301-2641797	12771	0	0	no mobile element within 10 kb	
GCF_018986755.2	WP_010708444.1	multidrug efflux ABC transporter subunit EfrA	CARD	NZ_CP075604.2	2812808-2814535	34284	0	0	no mobile element within 10 kb	
GCF_018986755.2	WP_029656388.1	VanY-A/VanY-F/VanY-M family D-Ala-D-Ala carboxypeptidase	CARD	NZ_CP075608.1	7136-8068	5008	0	1	MOBILE-ADJACENT	
GCF_018986755.2	WP_216788108.1	Stk1 family PASTA domain-containing Ser/Thr kinase	CARD	NZ_CP075604.2	3032417-3034576	2608	1	1	MOBILE-ADJACENT	ISL3-like element IS1476 family transposase
GCF_018986755.2	WP_002355633.1	ATP-dependent Clp endopeptidase proteolytic subunit ClpP	VFDB	NZ_CP075604.2	743651-744244	121399	0	0	no mobile element within 10 kb	
GCF_018986755.2	WP_002356646.1	undecaprenyl pyrophosphate synthase	VFDB	NZ_CP075604.2	2389766-2390581	23765	0	0	no mobile element within 10 kb	
GCF_018986755.2	WP_002357513.1	BMC domain-containing protein	VFDB	NZ_CP075604.2	1650999-1651289	19593	0	0	no mobile element within 10 kb	
GCF_018986755.2	WP_002358129.1	endocarditis and biofilm-associated pilus tip protein EbpA	VFDB	NZ_CP075604.2	1118087-1121551	24470	0	0	no mobile element within 10 kb	
GCF_018986755.2	WP_002358181.1	lanthipeptide cytolysin subunit CylL-S	VFDB	NZ_CP075604.2	433080-433271	9753	0	1	MOBILE-ADJACENT	
GCF_018986755.2	WP_002358483.1	cytolysin regulator CylR2	VFDB	NZ_CP075604.2	432236-432436	10588	0	0	no mobile element within 10 kb	
GCF_018986755.2	WP_002358485.1	lanthipeptide cytolysin subunit CylL-L	VFDB	NZ_CP075604.2	432840-433046	9978	0	1	MOBILE-ADJACENT	
GCF_018986755.2	WP_002358487.1	type 2 lanthipeptide synthetase LanM family protein	VFDB	NZ_CP075604.2	433332-436313	6711	0	1	MOBILE-ADJACENT	
GCF_018986755.2	WP_002358488.1	peptidase domain-containing ABC transporter	VFDB	NZ_CP075604.2	436325-438469	4555	1	1	MOBILE-ADJACENT	recombinase family protein
GCF_018986755.2	WP_002359680.1	phosphatidate cytidylyltransferase	VFDB	NZ_CP075604.2	2388969-2389769	24577	0	0	no mobile element within 10 kb	
GCF_018986755.2	WP_002359681.1	CDP-glycerol glycerophosphotransferase family protein	VFDB	NZ_CP075604.2	2387327-2388496	25850	0	0	no mobile element within 10 kb	
GCF_018986755.2	WP_002359682.1	glycosyltransferase family A protein	VFDB	NZ_CP075604.2	2385842-2387308	27038	0	0	no mobile element within 10 kb	
GCF_018986755.2	WP_002359684.1	casular polysaccharide biosynthesis protein CpsF	VFDB	NZ_CP075604.2	2382387-2383238	31108	0	0	no mobile element within 10 kb	
GCF_018986755.2	WP_002359685.1	UDP-N-acetylmuramate dehydrogenase	VFDB	NZ_CP075604.2	2379907-2382360	31986	0	0	no mobile element within 10 kb	
GCF_018986755.2	WP_002359687.1	UDP-galactopyranose mutase	VFDB	NZ_CP075604.2	2378293-2379432	34914	0	0	no mobile element within 10 kb	
GCF_018986755.2	WP_002359803.1	fibrinogen-binding MSCRAMM adhesin Fss3	VFDB	NZ_CP075604.2	2220301-2223525	399	1	1	MOBILE-ADJACENT	ISL3-like element IS1476 family transposase
GCF_018986755.2	WP_002360002.1	Mn/Fe ABC transporter substrate-binding lipoprotein EfaA	VFDB	NZ_CP075604.2	2008702-2009628	38316	0	0	no mobile element within 10 kb	
GCF_018986755.2	WP_002360104.1	gelatinase GelE	VFDB	NZ_CP075604.2	1834056-1835588	4777	1	1	MOBILE-ADJACENT	ISL3-like element IS1476 family transposase
GCF_018986755.2	WP_002360105.1	serine proteinase SprE	VFDB	NZ_CP075604.2	1833153-1834007	6358	0	1	MOBILE-ADJACENT	
GCF_018986755.2	WP_002368282.1	site-2 protease family protein	VFDB	NZ_CP075604.2	439705-440688	2336	1	1	MOBILE-ADJACENT	recombinase family protein
GCF_018986755.2	WP_002379309.1	endocarditis and biofilm-associated pilus minor subunit EbpB	VFDB	NZ_CP075604.2	1121555-1122985	27938	0	0	no mobile element within 10 kb	
GCF_018986755.2	WP_002379310.1	endocarditis and biofilm-associated pilus major subunit EbpC	VFDB	NZ_CP075604.2	1122982-1124865	29365	0	0	no mobile element within 10 kb	
GCF_018986755.2	WP_002379311.1	Ebp pilus assembly class C sortase	VFDB	NZ_CP075604.2	1124959-1125813	31342	0	0	no mobile element within 10 kb	
GCF_018986755.2	WP_002387027.1	LacI family transcriptional regulator BopD	VFDB	NZ_CP075604.2	930848-931858	15453	0	0	no mobile element within 10 kb	
GCF_018986755.2	WP_002387128.1	lipoprotein CpsH	VFDB	NZ_CP075604.2	2379491-2379889	34457	0	0	no mobile element within 10 kb	
GCF_018986755.2	WP_002388342.1	ABC transporter permease	VFDB	NZ_CP075604.2	2376112-2376924	37422	0	0	no mobile element within 10 kb	
GCF_018986755.2	WP_002399773.1	hyaluronate lyase HylB	VFDB	NZ_CP075604.2	793291-796305	99221	0	0	no mobile element within 10 kb	
GCF_018986755.2	WP_002404803.1	S8 family serine peptidase	VFDB	NZ_CP075604.2	438466-439704	3320	1	1	MOBILE-ADJACENT	recombinase family protein
GCF_018986755.2	WP_002404870.1	glycosyltransferase family 2 protein	VFDB	NZ_CP075604.2	2383262-2385772	28574	0	0	no mobile element within 10 kb	
GCF_018986755.2	WP_002404872.1	ATP-binding cassette domain-containing protein	VFDB	NZ_CP075604.2	2376924-2378309	36037	0	0	no mobile element within 10 kb	
GCF_018986755.2	WP_012579113.1	LPXTG-anchored aggregation substance	VFDB;VFDB;VFDB;VFDB	NZ_CP075606.1	50385-54311	4973	1	1	MOBILE-ADJACENT	type IV conjugative transfer system protein TraE
GCF_018986755.2	WP_216788135.1	Rib/alpha-like domain-containing protein	VFDB	NZ_CP075604.2	461076-466724	146	1	1	MOBILE-ADJACENT	IS256-like element IS256 family transposase
GCF_018986755.2	WP_216788147.1	collagen binding domain-containing protein	VFDB	NZ_CP075604.2	1128895-1130919	35278	0	0	no mobile element within 10 kb	
GCF_018986755.2	WP_374107764.1	LPXTG-anchored aggregation substance	VFDB;VFDB;VFDB;VFDB	NZ_CP075604.2	395634-399539	3769	1	1	MOBILE-ADJACENT	tyrosine-type recombinase/integrase
GCF_018986755.2	WP_374107765.1	LPXTG-anchored aggregation substance	VFDB;VFDB;VFDB;VFDB	NZ_CP075604.2	543823-547704	4406	1	1	MOBILE-ADJACENT	type IV secretion system protein
GCF_019977575.1	WP_000691736.1	tetracycline resistance ribosomal protection protein Tet(M)	CARD;CARD	NZ_AP024839.1	51424-53343	136	1	1	MOBILE-ADJACENT	IS6-like element IS1216 family transposase; ISL3 family transposase; excisionase
GCF_019977575.1	WP_000868795.1	trimethoprim-resistant dihydrofolate reductase DfrG	CARD;CARD	NZ_AP024837.1	65164-65661	3682	1	1	MOBILE-ADJACENT	site-specific integrase
GCF_019977575.1	WP_001038796.1	23S rRNA (adenine(2058)-N(6))-methyltransferase Erm(B)	CARD	NZ_AP024838.1	82604-83341	472	1	1	MOBILE-ADJACENT	IS1380-like element ISSsu5 family transposase; IS3-like element ISEnfa3 family transposase; IS6-like element IS1216 family transposase
GCF_019977575.1	WP_002287458.1	ABC-F type ribosomal protection protein Msr(C)	CARD	NZ_AP024837.1	2793427-2794905	6164	0	1	MOBILE-ADJACENT	
GCF_019977575.1	WP_002289795.1	aminoglycoside 6'-N-acetyltransferase	CARD	NZ_AP024837.1	2201514-2202062	8095	0	1	MOBILE-ADJACENT	
GCF_019977575.1	WP_002294505.1	aminoglycoside nucleotidyltransferase ANT(6)-Ia	CARD;CARD	NZ_AP024838.1	89295-90158	799	1	1	MOBILE-ADJACENT	IS1380-like element ISSsu5 family transposase; ISL3 family transposase; Tn3 family transposase
GCF_019977575.1	WP_002296290.1	multidrug efflux ABC transporter subunit EfrA	CARD	NZ_AP024837.1	2097096-2098826	7105	0	1	MOBILE-ADJACENT	
GCF_019977575.1	WP_002345004.1	tetracycline efflux MFS transporter Tet(L)	CARD	NZ_AP024837.1	302870-304243	563	1	1	MOBILE-ADJACENT	IS6-like element IS1216 family transposase; MobV family relaxase
GCF_019977575.1	WP_002345005.1	tetracycline resistance ribosomal protection protein Tet(M)	CARD;CARD	NZ_AP024837.1	300853-302772	377	1	1	MOBILE-ADJACENT	IS6-like element IS1216 family transposase; MobV family relaxase
GCF_019977575.1	WP_023042613.1	vancomycin resistance response regulator transcription factor VanR-D	CARD	NZ_AP024837.1	2656596-2657294	5096	0	1	MOBILE-ADJACENT	
GCF_019977575.1	WP_023042861.1	D-Ala-D-Ala dipeptidase VanX-D	CARD	NZ_AP024837.1	2651640-2652248	140	1	1	MOBILE-ADJACENT	tyrosine-type recombinase/integrase
GCF_019977575.1	WP_223924163.1	D-alanine--(R)-lactate ligase VanD	CARD	NZ_AP024837.1	2652254-2653285	754	1	1	MOBILE-ADJACENT	tyrosine-type recombinase/integrase
GCF_019977575.1	WP_223924165.1	D-lactate dehydrogenase VanH-D	CARD	NZ_AP024837.1	2653278-2654249	1778	1	1	MOBILE-ADJACENT	tyrosine-type recombinase/integrase
GCF_019977575.1	WP_002286379.1	LacI family DNA-binding transcriptional regulator	VFDB	NZ_AP024837.1	439816-440835	47009	0	0	no mobile element within 10 kb	
GCF_019977575.1	WP_002289238.1	collagen-binding MSCRAMM adhesin Acm	VFDB	NZ_AP024837.1	2212964-2215129	548	1	1	MOBILE-ADJACENT	ISL3 family transposase
GCF_019977575.1	WP_002289382.1	collagen-binding MSCRAMM adhesin Scm	VFDB	NZ_AP024837.1	2977176-2979158	30727	0	0	no mobile element within 10 kb	
GCF_019977575.1	WP_002289402.1	ATP-dependent Clp endopeptidase proteolytic subunit ClpP	VFDB	NZ_AP024837.1	2093712-2094305	3721	1	1	MOBILE-ADJACENT	IS30 family transposase
GCF_019977575.1	WP_002296629.1	LPXTG-anchored fibrinogen/nidogen-binding adhesin SgrA	VFDB	NZ_AP024837.1	1532034-1533008	4187	1	1	MOBILE-ADJACENT	IS110 family RNA-guided transposase
GCF_019977575.1	WP_002303671.1	Rib/alpha-like domain-containing protein	VFDB	NZ_AP024837.1	2884164-2889866	4397	1	1	MOBILE-ADJACENT	DDE-type integrase/transposase/recombinase; IS3 family transposase
GCF_019977575.1	WP_002305526.1	fibrinogen-binding MSCRAMM adhesin Fss3	VFDB	NZ_AP024837.1	2845405-2848632	417	1	1	MOBILE-ADJACENT	pLS20_p028 family conjugation system transmembrane protein; site-specific integrase
GCF_021610105.1	WP_000627290.1	streptothricin N-acetyltransferase Sat4	CARD	NZ_CP091200.1	18420-18962	2906	1	1	MOBILE-ADJACENT	IS1182-like element IS1182 family transposase; IS6-like element IS1216 family transposase
GCF_021610105.1	WP_000691736.1	tetracycline resistance ribosomal protection protein Tet(M)	CARD;CARD	NZ_CP091198.1	1145590-1147509	377	1	1	MOBILE-ADJACENT	excisionase; tyrosine-type recombinase/integrase
GCF_021610105.1	WP_001028144.1	bifunctional aminoglycoside N-acetyltransferase AAC(6')-Ie/aminoglycoside O-phosphotransferase APH(2'')-Ia	CARD	NZ_CP091198.1	1958014-1959453	130	1	1	MOBILE-ADJACENT	IS256 family transposase; IS256-like element IS256 family transposase
GCF_021610105.1	WP_001038790.1	23S rRNA (adenine(2058)-N(6))-methyltransferase Erm(B)	CARD	NZ_CP091199.1	5852-6589	355	1	1	MOBILE-ADJACENT	IS4 family transposase; Tn3 family transposase; recombinase family protein
GCF_021610105.1	WP_001038792.1	23S rRNA (adenine(2058)-N(6))-methyltransferase Erm(B)	CARD	NZ_CP091200.1	13519-14256	593	1	1	MOBILE-ADJACENT	IS1182-like element IS1182 family transposase; Tn3 family transposase; recombinase family protein
GCF_021610105.1	WP_001096887.1	aminoglycoside O-phosphotransferase APH(3')-IIIa	CARD	NZ_CP091200.1	19055-19849	2514	1	1	MOBILE-ADJACENT	IS1182-like element IS1182 family transposase; IS6-like element IS1216 family transposase
GCF_021610105.1	WP_001255866.1	aminoglycoside nucleotidyltransferase ANT(6)-Ia	CARD;CARD	NZ_CP091200.1	17515-18423	2001	1	1	MOBILE-ADJACENT	IS1182-like element IS1182 family transposase; IS6-like element IS1216 family transposase
GCF_021610105.1	WP_002322211.1	trimethoprim-resistant dihydrofolate reductase DfrF	CARD	NZ_CP091198.1	3158635-3159129	3654	1	1	MOBILE-ADJACENT	excisionase; site-specific integrase
GCF_021610105.1	WP_002360302.1	trimethoprim-sensitive dihydrofolate reductase	CARD	NZ_CP091198.1	2927189-2927683	37034	0	0	no mobile element within 10 kb	
GCF_021610105.1	WP_002387187.1	ABC-F type ribosomal protection protein Lsa(A)	CARD	NZ_CP091198.1	625129-626625	41221	0	0	no mobile element within 10 kb	
GCF_021610105.1	WP_002387312.1	multidrug efflux ABC transporter subunit EfrA	CARD	NZ_CP091198.1	808495-810222	11897	0	0	no mobile element within 10 kb	
GCF_021610105.1	WP_002387383.1	serine/threonine protein kinase IreK	CARD	NZ_CP091198.1	1031845-1034001	47463	0	0	no mobile element within 10 kb	
GCF_021610105.1	WP_002355633.1	ATP-dependent Clp endopeptidase proteolytic subunit ClpP	VFDB	NZ_CP091198.1	2082148-2082741	121394	0	0	no mobile element within 10 kb	
GCF_021610105.1	WP_002356954.1	Mn/Fe ABC transporter substrate-binding lipoprotein EfaA	VFDB	NZ_CP091198.1	69465-70391	34144	0	0	no mobile element within 10 kb	
GCF_021610105.1	WP_002357513.1	BMC domain-containing protein	VFDB	NZ_CP091198.1	2977360-2977650	19583	0	0	no mobile element within 10 kb	
GCF_021610105.1	WP_002358129.1	endocarditis and biofilm-associated pilus tip protein EbpA	VFDB	NZ_CP091198.1	2451046-2454510	59432	0	0	no mobile element within 10 kb	
GCF_021610105.1	WP_002358181.1	lanthipeptide cytolysin subunit CylL-S	VFDB	NZ_CP091198.1	1778754-1778945	9752	0	1	MOBILE-ADJACENT	
GCF_021610105.1	WP_002358485.1	lanthipeptide cytolysin subunit CylL-L	VFDB	NZ_CP091198.1	1778514-1778720	9977	0	1	MOBILE-ADJACENT	
GCF_021610105.1	WP_002358487.1	type 2 lanthipeptide synthetase LanM family protein	VFDB	NZ_CP091198.1	1779006-1781987	6710	0	1	MOBILE-ADJACENT	
GCF_021610105.1	WP_002359680.1	phosphatidate cytidylyltransferase	VFDB	NZ_CP091198.1	433474-434274	74184	0	0	no mobile element within 10 kb	
GCF_021610105.1	WP_002359685.1	UDP-N-acetylmuramate dehydrogenase	VFDB	NZ_CP091198.1	424410-426863	81595	0	0	no mobile element within 10 kb	
GCF_021610105.1	WP_002359803.1	fibrinogen-binding MSCRAMM adhesin Fss3	VFDB	NZ_CP091198.1	280925-284149	5714	0	1	MOBILE-ADJACENT	
GCF_021610105.1	WP_002362225.1	undecaprenyl pyrophosphate synthase	VFDB	NZ_CP091198.1	434271-435086	73372	0	0	no mobile element within 10 kb	
GCF_021610105.1	WP_002362627.1	ABC transporter permease	VFDB	NZ_CP091198.1	420616-421428	87030	0	0	no mobile element within 10 kb	
GCF_021610105.1	WP_002367100.1	casular polysaccharide biosynthesis protein CpsF	VFDB	NZ_CP091198.1	426890-427741	80717	0	0	no mobile element within 10 kb	
GCF_021610105.1	WP_002369249.1	quorum-sensing system protein FsrB	VFDB	NZ_CP091198.1	3169030-3169758	5054	0	1	MOBILE-ADJACENT	
GCF_021610105.1	WP_002369251.1	gelatinase GelE	VFDB	NZ_CP091198.1	3165923-3167455	1947	1	1	MOBILE-ADJACENT	excisionase; site-specific integrase
GCF_021610105.1	WP_002369252.1	serine proteinase SprE	VFDB	NZ_CP091198.1	3165020-3165874	1044	1	1	MOBILE-ADJACENT	excisionase; site-specific integrase
GCF_021610105.1	WP_002370472.1	glycosyltransferase family A protein	VFDB	NZ_CP091198.1	430345-431811	76647	0	0	no mobile element within 10 kb	
GCF_021610105.1	WP_002379309.1	endocarditis and biofilm-associated pilus minor subunit EbpB	VFDB	NZ_CP091198.1	2454514-2455944	57998	0	0	no mobile element within 10 kb	
GCF_021610105.1	WP_002379310.1	endocarditis and biofilm-associated pilus major subunit EbpC	VFDB	NZ_CP091198.1	2455941-2457824	56118	0	0	no mobile element within 10 kb	
GCF_021610105.1	WP_002379311.1	Ebp pilus assembly class C sortase	VFDB	NZ_CP091198.1	2457918-2458772	55170	0	0	no mobile element within 10 kb	
GCF_021610105.1	WP_002386893.1	GHKL domain-containing protein, partial	VFDB	NZ_CP091198.1	3167690-3169033	3714	1	1	MOBILE-ADJACENT	excisionase; site-specific integrase
GCF_021610105.1	WP_002387027.1	LacI family transcriptional regulator BopD	VFDB	NZ_CP091198.1	2267836-2268846	15452	0	0	no mobile element within 10 kb	
GCF_021610105.1	WP_002387127.1	ATP-binding cassette domain-containing protein	VFDB	NZ_CP091198.1	421428-422813	85645	0	0	no mobile element within 10 kb	
GCF_021610105.1	WP_002387128.1	lipoprotein CpsH	VFDB	NZ_CP091198.1	423994-424392	84066	0	0	no mobile element within 10 kb	
GCF_021610105.1	WP_002387129.1	glycosyltransferase family 2 protein	VFDB	NZ_CP091198.1	427765-430275	78183	0	0	no mobile element within 10 kb	
GCF_021610105.1	WP_002387925.1	site-2 protease family protein	VFDB	NZ_CP091198.1	1785396-1786361	2336	1	1	MOBILE-ADJACENT	recombinase family protein
GCF_021610105.1	WP_002399773.1	hyaluronate lyase HylB	VFDB	NZ_CP091198.1	2131786-2134800	149498	0	0	no mobile element within 10 kb	
GCF_021610105.1	WP_002404803.1	S8 family serine peptidase	VFDB	NZ_CP091198.1	1784139-1785377	3320	1	1	MOBILE-ADJACENT	recombinase family protein
GCF_021610105.1	WP_010706484.1	fibrinogen-binding MSCRAMM adhesin Fss3	VFDB	NZ_CP091198.1	3247063-3250290	6450	0	1	MOBILE-ADJACENT	
GCF_021610105.1	WP_010714416.1	collagen-binding MSCRAMM adhesin Ace	VFDB	NZ_CP091198.1	2461854-2463878	50064	0	0	no mobile element within 10 kb	
GCF_021610105.1	WP_011109506.1	response regulator transcription factor FsrA	VFDB	NZ_CP091198.1	3169847-3170578	5871	0	1	MOBILE-ADJACENT	
GCF_021610105.1	WP_115354579.1	EF3023 family LPXTG-anchored polysaccharide lyase	VFDB	NZ_CP091198.1	940025-944143	58457	0	0	no mobile element within 10 kb	
GCF_021610105.1	WP_236334862.1	cysteine peptidase family C39 domain-containing protein	VFDB	NZ_CP091198.1	1781999-1782373	6324	0	1	MOBILE-ADJACENT	
GCF_021610105.1	WP_236335240.1	CDP-glycerol glycerophosphotransferase family protein	VFDB	NZ_CP091198.1	431830-432957	75501	0	0	no mobile element within 10 kb	
GCF_021610105.1	WP_236335371.1	LPXTG-anchored aggregation substance	VFDB;VFDB;VFDB	NZ_CP091198.1	1323158-1327075	3006	1	1	MOBILE-ADJACENT	
GCF_021610105.1	WP_236335448.1	peptidase domain-containing ABC transporter	VFDB	NZ_CP091198.1	1782520-1784142	4555	1	1	MOBILE-ADJACENT	recombinase family protein
GCF_022869705.1	WP_002358140.1	multidrug efflux MFS transporter EmeA	CARD	NZ_CP064374.1	1709838-1710992	57234	0	0	no mobile element within 10 kb	
GCF_022869705.1	WP_002360302.1	trimethoprim-sensitive dihydrofolate reductase	CARD	NZ_CP064374.1	2151533-2152027	37033	0	0	no mobile element within 10 kb	
GCF_022869705.1	WP_002365367.1	serine/threonine protein kinase IreK	CARD	NZ_CP064374.1	582887-585043	5544	0	1	MOBILE-ADJACENT	
GCF_022869705.1	WP_002411322.1	ABC-F type ribosomal protection protein Lsa(A)	CARD	NZ_CP064374.1	221531-223027	160620	0	0	no mobile element within 10 kb	
GCF_022869705.1	WP_010708444.1	multidrug efflux ABC transporter subunit EfrA	CARD	NZ_CP064374.1	354833-356560	27087	0	0	no mobile element within 10 kb	
GCF_022869705.1	WP_002355633.1	ATP-dependent Clp endopeptidase proteolytic subunit ClpP	VFDB	NZ_CP064374.1	1401954-1402547	147562	0	0	no mobile element within 10 kb	
GCF_022869705.1	WP_002356646.1	undecaprenyl pyrophosphate synthase	VFDB	NZ_CP064374.1	38935-39750	3582	1	1	MOBILE-ADJACENT	IS200/IS605 family transposase
GCF_022869705.1	WP_002356954.1	Mn/Fe ABC transporter substrate-binding lipoprotein EfaA	VFDB	NZ_CP064374.1	2602810-2603736	34605	0	0	no mobile element within 10 kb	
GCF_022869705.1	WP_002357513.1	BMC domain-containing protein	VFDB	NZ_CP064374.1	2206837-2207127	19593	0	0	no mobile element within 10 kb	
GCF_022869705.1	WP_002359680.1	phosphatidate cytidylyltransferase	VFDB	NZ_CP064374.1	38138-38938	2785	1	1	MOBILE-ADJACENT	IS200/IS605 family transposase
GCF_022869705.1	WP_002360104.1	gelatinase GelE	VFDB	NZ_CP064374.1	2391809-2393341	4633	1	1	MOBILE-ADJACENT	tyrosine-type recombinase/integrase
GCF_022869705.1	WP_002360607.1	Ebp pilus assembly class C sortase	VFDB	NZ_CP064374.1	1725032-1725889	54783	0	0	no mobile element within 10 kb	
GCF_022869705.1	WP_002388874.1	endocarditis and biofilm-associated pilus major subunit EbpC	VFDB	NZ_CP064374.1	1723055-1724938	55734	0	0	no mobile element within 10 kb	
GCF_022869705.1	WP_002388884.1	endocarditis and biofilm-associated pilus minor subunit EbpB	VFDB	NZ_CP064374.1	1721628-1723058	57614	0	0	no mobile element within 10 kb	
GCF_022869705.1	WP_010730748.1	collagen binding domain-containing protein	VFDB	NZ_CP064374.1	1729216-1730958	49714	0	0	no mobile element within 10 kb	
GCF_022869705.1	WP_010816099.1	LacI family transcriptional regulator BopD	VFDB	NZ_CP064374.1	1573477-1574487	77158	0	0	no mobile element within 10 kb	
GCF_022869705.1	WP_010816125.1	serine proteinase SprE	VFDB	NZ_CP064374.1	2390906-2391760	6214	0	1	MOBILE-ADJACENT	
GCF_022869705.1	WP_080004761.1	polysaccharide lyase family 8 super-sandwich domain-containing protein	VFDB	NZ_CP064374.1	492834-497378	26604	0	0	no mobile element within 10 kb	
GCF_022869705.1	WP_111997010.1	Rib/alpha-like domain-containing protein	VFDB	NZ_CP064374.1	1225159-1230276	2090	1	1	MOBILE-ADJACENT	IS30-like element IS6770 family transposase; IS30-like element ISEnfa364 family transposase; recombinase family protein
GCF_022869705.1	WP_147594668.1	endocarditis and biofilm-associated pilus tip protein EbpA	VFDB	NZ_CP064374.1	1718160-1721624	59048	0	0	no mobile element within 10 kb	
GCF_028131645.1	WP_001038790.1	23S rRNA (adenine(2058)-N(6))-methyltransferase Erm(B)	CARD	NZ_AP026723.1	10488-11225	355	1	1	MOBILE-ADJACENT	Tn3 family transposase; recombinase family protein
GCF_028131645.1	WP_001096887.1	aminoglycoside O-phosphotransferase APH(3')-IIIa	CARD	NZ_AP026723.1	11976-12770	1843	1	1	MOBILE-ADJACENT	Tn3 family transposase; recombinase family protein
GCF_028131645.1	WP_001255866.1	aminoglycoside nucleotidyltransferase ANT(6)-Ia	CARD;CARD	NZ_AP026723.1	13340-14248	1348	1	1	MOBILE-ADJACENT	Tn3 family transposase; recombinase family protein
GCF_028131645.1	WP_002358140.1	multidrug efflux MFS transporter EmeA	CARD	NZ_AP026721.1	1023157-1024311	72105	0	0	no mobile element within 10 kb	
GCF_028131645.1	WP_002360302.1	trimethoprim-sensitive dihydrofolate reductase	CARD	NZ_AP026721.1	1458277-1458771	37027	0	0	no mobile element within 10 kb	
GCF_028131645.1	WP_002370103.1	serine/threonine protein kinase IreK	CARD	NZ_AP026721.1	2944005-2946161	46081	0	0	no mobile element within 10 kb	
GCF_028131645.1	WP_002370529.1	ABC-F type ribosomal protection protein Lsa(A)	CARD	NZ_AP026721.1	2587347-2588843	2911	1	1	MOBILE-ADJACENT	IS256-like element ISEfm2 family transposase
GCF_028131645.1	WP_002414139.1	multidrug efflux ABC transporter subunit EfrA	CARD	NZ_AP026721.1	2758773-2760500	62693	0	0	no mobile element within 10 kb	
GCF_028131645.1	WP_002602099.1	tetracycline resistance ribosomal protection protein Tet(32)	CARD;CARD	NZ_AP026721.1	1939879-1941798	2413	1	1	MOBILE-ADJACENT	plasmid mobilization protein; relaxase/mobilization nuclease domain-containing protein
GCF_028131645.1	WP_210918694.1	tetracycline resistance ribosomal protection protein Tet(M)	CARD;CARD	NZ_AP026721.1	279583-281502	377	1	1	MOBILE-ADJACENT	IS256-like element ISEfm2 family transposase; excisionase; site-specific integrase
GCF_028131645.1	WP_271526917.1	D-Ala-D-Ala dipeptidase VanX	CARD	NZ_AP026721.1	1876215-1876823	1898	1	1	MOBILE-ADJACENT	recombinase family protein
GCF_028131645.1	WP_271526920.1	D-lactate dehydrogenase VanH-D	CARD	NZ_AP026721.1	1877853-1878824	3536	1	1	MOBILE-ADJACENT	recombinase family protein
GCF_028131645.1	WP_271526926.1	vancomycin resistance response regulator transcription factor VanR-D	CARD	NZ_AP026721.1	1881155-1881853	6838	0	1	MOBILE-ADJACENT	
GCF_028131645.1	WP_002355633.1	ATP-dependent Clp endopeptidase proteolytic subunit ClpP	VFDB	NZ_AP026721.1	665025-665618	154329	0	0	no mobile element within 10 kb	
GCF_028131645.1	WP_002356646.1	undecaprenyl pyrophosphate synthase	VFDB	NZ_AP026721.1	2366271-2367086	21026	0	0	no mobile element within 10 kb	
GCF_028131645.1	WP_002356954.1	Mn/Fe ABC transporter substrate-binding lipoprotein EfaA	VFDB	NZ_AP026721.1	2004763-2005689	30289	0	0	no mobile element within 10 kb	
GCF_028131645.1	WP_002357513.1	BMC domain-containing protein	VFDB	NZ_AP026721.1	1508109-1508399	19593	0	0	no mobile element within 10 kb	
GCF_028131645.1	WP_002358181.1	lanthipeptide cytolysin subunit CylL-S	VFDB	NZ_AP026721.1	429329-429520	1669	1	1	MOBILE-ADJACENT	IS256 family transposase; IS6 family transposase
GCF_028131645.1	WP_002358485.1	lanthipeptide cytolysin subunit CylL-L	VFDB	NZ_AP026721.1	429089-429295	1429	1	1	MOBILE-ADJACENT	IS256 family transposase; IS6 family transposase
GCF_028131645.1	WP_002359680.1	phosphatidate cytidylyltransferase	VFDB	NZ_AP026721.1	2365474-2366274	20229	0	0	no mobile element within 10 kb	
GCF_028131645.1	WP_002359685.1	UDP-N-acetylmuramate dehydrogenase	VFDB	NZ_AP026721.1	2356412-2358865	11167	0	0	no mobile element within 10 kb	
GCF_028131645.1	WP_002359687.1	UDP-galactopyranose mutase	VFDB	NZ_AP026721.1	2354798-2355937	9553	0	1	MOBILE-ADJACENT	
GCF_028131645.1	WP_002360104.1	gelatinase GelE	VFDB	NZ_AP026721.1	1691719-1693251	4633	1	1	MOBILE-ADJACENT	tyrosine-type recombinase/integrase
GCF_028131645.1	WP_002362627.1	ABC transporter permease	VFDB	NZ_AP026721.1	2352617-2353429	7372	0	1	MOBILE-ADJACENT	
GCF_028131645.1	WP_002367100.1	casular polysaccharide biosynthesis protein CpsF	VFDB	NZ_AP026721.1	2358892-2359743	13647	0	0	no mobile element within 10 kb	
GCF_028131645.1	WP_002368282.1	site-2 protease family protein	VFDB	NZ_AP026721.1	435953-436936	4704	1	1	MOBILE-ADJACENT	IS256-like element ISEfm2 family transposase
GCF_028131645.1	WP_002368283.1	S8 family serine peptidase	VFDB	NZ_AP026721.1	434714-435952	5688	0	1	MOBILE-ADJACENT	
GCF_028131645.1	WP_002370472.1	glycosyltransferase family A protein	VFDB	NZ_AP026721.1	2362347-2363813	17102	0	0	no mobile element within 10 kb	
GCF_028131645.1	WP_002370929.1	type 2 lanthipeptide synthetase LanM family protein	VFDB	NZ_AP026721.1	429581-432562	1921	1	1	MOBILE-ADJACENT	IS256 family transposase; IS6 family transposase
GCF_028131645.1	WP_002370931.1	cytolysin regulator CylR2	VFDB	NZ_AP026721.1	428485-428685	825	1	1	MOBILE-ADJACENT	IS256 family transposase; IS6 family transposase
GCF_028131645.1	WP_002371018.1	serine proteinase SprE	VFDB	NZ_AP026721.1	1690816-1691670	6214	0	1	MOBILE-ADJACENT	
GCF_028131645.1	WP_002371340.1	Ebp pilus assembly class C sortase	VFDB	NZ_AP026721.1	1038353-1039207	57209	0	0	no mobile element within 10 kb	
GCF_028131645.1	WP_002371343.1	endocarditis and biofilm-associated pilus minor subunit EbpB	VFDB	NZ_AP026721.1	1034949-1036379	60037	0	0	no mobile element within 10 kb	
GCF_028131645.1	WP_002387128.1	lipoprotein CpsH	VFDB	NZ_AP026721.1	2355996-2356394	10751	0	0	no mobile element within 10 kb	
GCF_028131645.1	WP_002387129.1	glycosyltransferase family 2 protein	VFDB	NZ_AP026721.1	2359767-2362277	14522	0	0	no mobile element within 10 kb	
GCF_028131645.1	WP_002391973.1	ATP-binding cassette domain-containing protein	VFDB	NZ_AP026721.1	2353429-2354814	8184	0	1	MOBILE-ADJACENT	
GCF_028131645.1	WP_002402863.1	endocarditis and biofilm-associated pilus major subunit EbpC	VFDB	NZ_AP026721.1	1036376-1038259	58157	0	0	no mobile element within 10 kb	
GCF_028131645.1	WP_002402981.1	LacI family transcriptional regulator BopD	VFDB	NZ_AP026721.1	849992-851002	449	1	1	MOBILE-ADJACENT	IS256-like element ISEfm2 family transposase
GCF_028131645.1	WP_012579113.1	LPXTG-anchored aggregation substance	VFDB;VFDB;VFDB;VFDB	NZ_AP026722.1	69104-73030	19405	0	0	no mobile element within 10 kb	
GCF_028131645.1	WP_025186832.1	collagen binding domain-containing protein	VFDB	NZ_AP026721.1	1044493-1046658	49758	0	0	no mobile element within 10 kb	
GCF_028131645.1	WP_172494179.1	endocarditis and biofilm-associated pilus tip protein EbpA	VFDB	NZ_AP026721.1	1031481-1034945	61471	0	0	no mobile element within 10 kb	
GCF_028131645.1	WP_242428028.1	cysteine peptidase family C39 domain-containing protein	VFDB	NZ_AP026721.1	432574-432948	4914	1	1	MOBILE-ADJACENT	IS6 family transposase
GCF_028131645.1	WP_263711767.1	peptidase domain-containing ABC transporter	VFDB	NZ_AP026721.1	433095-434717	5435	0	1	MOBILE-ADJACENT	
GCF_028131645.1	WP_271527719.1	CDP-glycerol glycerophosphotransferase family protein	VFDB	NZ_AP026721.1	2363832-2365001	18587	0	0	no mobile element within 10 kb	
GCF_028131645.1	WP_271528595.1	EF3023 family LPXTG-anchored polysaccharide lyase	VFDB	NZ_AP026721.1	2850149-2854267	137975	0	0	no mobile element within 10 kb	
GCF_028131645.1	WP_271529471.1	Rib/alpha-like domain-containing protein	VFDB	NZ_AP026721.1	442934-448555	102	1	1	MOBILE-ADJACENT	IS256-like element ISEfm2 family transposase
GCF_028131645.1	WP_373416153.1	LPXTG-anchored aggregation substance	VFDB;VFDB;VFDB;VFDB	NZ_AP026721.1	391836-395741	3769	1	1	MOBILE-ADJACENT	tyrosine-type recombinase/integrase
GCF_029023785.1	WP_002287458.1	ABC-F type ribosomal protection protein Msr(C)	CARD	NZ_CP118955.1	2426705-2428183	23902	0	0	no mobile element within 10 kb	
GCF_029023785.1	WP_002291207.1	multidrug efflux MFS transporter EfmA	CARD	NZ_CP118955.1	514111-515397	25650	0	0	no mobile element within 10 kb	
GCF_029023785.1	WP_002293989.1	aminoglycoside 6'-N-acetyltransferase	CARD	NZ_CP118955.1	2040226-2040774	13120	0	0	no mobile element within 10 kb	
GCF_029023785.1	WP_002294065.1	multidrug efflux ABC transporter subunit EfrA	CARD	NZ_CP118955.1	1923796-1925526	78140	0	0	no mobile element within 10 kb	
GCF_029023785.1	WP_002289402.1	ATP-dependent Clp endopeptidase proteolytic subunit ClpP	VFDB	NZ_CP118955.1	1920412-1921005	82661	0	0	no mobile element within 10 kb	
GCF_029023785.1	WP_002294628.1	LacI family DNA-binding transcriptional regulator	VFDB	NZ_CP118955.1	366482-367501	79925	0	0	no mobile element within 10 kb	
GCF_029023785.1	WP_002334559.1	hypothetical protein	VFDB	NZ_CP118955.1	2486313-2486459	0	1	1	MOBILE-ADJACENT	IS30-like element IS6770 family transposase
GCF_029023785.1	WP_033585060.1	collagen-binding MSCRAMM adhesin Acm	VFDB	NZ_CP118955.1	2051676-2053790	104	1	1	MOBILE-ADJACENT	IS30 family transposase
GCF_029024925.1	WP_002358140.1	multidrug efflux MFS transporter EmeA	CARD	NZ_CP118962.1	924849-926003	57234	0	0	no mobile element within 10 kb	
GCF_029024925.1	WP_002360302.1	trimethoprim-sensitive dihydrofolate reductase	CARD	NZ_CP118962.1	1366544-1367038	37033	0	0	no mobile element within 10 kb	
GCF_029024925.1	WP_002365367.1	serine/threonine protein kinase IreK	CARD	NZ_CP118962.1	2665914-2668070	5544	0	1	MOBILE-ADJACENT	
GCF_029024925.1	WP_002411322.1	ABC-F type ribosomal protection protein Lsa(A)	CARD	NZ_CP118962.1	2303490-2304986	160620	0	0	no mobile element within 10 kb	
GCF_029024925.1	WP_010708444.1	multidrug efflux ABC transporter subunit EfrA	CARD	NZ_CP118962.1	2436792-2438519	27087	0	0	no mobile element within 10 kb	
GCF_029024925.1	WP_002355633.1	ATP-dependent Clp endopeptidase proteolytic subunit ClpP	VFDB	NZ_CP118962.1	616963-617556	147562	0	0	no mobile element within 10 kb	
GCF_029024925.1	WP_002356646.1	undecaprenyl pyrophosphate synthase	VFDB	NZ_CP118962.1	2120894-2121709	3582	1	1	MOBILE-ADJACENT	IS200/IS605 family transposase
GCF_029024925.1	WP_002356954.1	Mn/Fe ABC transporter substrate-binding lipoprotein EfaA	VFDB	NZ_CP118962.1	1817821-1818747	34605	0	0	no mobile element within 10 kb	
GCF_029024925.1	WP_002357513.1	BMC domain-containing protein	VFDB	NZ_CP118962.1	1421848-1422138	19593	0	0	no mobile element within 10 kb	
GCF_029024925.1	WP_002359680.1	phosphatidate cytidylyltransferase	VFDB	NZ_CP118962.1	2120097-2120897	2785	1	1	MOBILE-ADJACENT	IS200/IS605 family transposase
GCF_029024925.1	WP_002360104.1	gelatinase GelE	VFDB	NZ_CP118962.1	1606820-1608352	4633	1	1	MOBILE-ADJACENT	tyrosine-type recombinase/integrase
GCF_029024925.1	WP_002360607.1	Ebp pilus assembly class C sortase	VFDB	NZ_CP118962.1	940043-940900	54783	0	0	no mobile element within 10 kb	
GCF_029024925.1	WP_002388874.1	endocarditis and biofilm-associated pilus major subunit EbpC	VFDB	NZ_CP118962.1	938066-939949	55734	0	0	no mobile element within 10 kb	
GCF_029024925.1	WP_002388884.1	endocarditis and biofilm-associated pilus minor subunit EbpB	VFDB	NZ_CP118962.1	936639-938069	57614	0	0	no mobile element within 10 kb	
GCF_029024925.1	WP_010730748.1	collagen binding domain-containing protein	VFDB	NZ_CP118962.1	944227-945969	49714	0	0	no mobile element within 10 kb	
GCF_029024925.1	WP_010816099.1	LacI family transcriptional regulator BopD	VFDB	NZ_CP118962.1	788486-789496	77160	0	0	no mobile element within 10 kb	
GCF_029024925.1	WP_010816125.1	serine proteinase SprE	VFDB	NZ_CP118962.1	1605917-1606771	6214	0	1	MOBILE-ADJACENT	
GCF_029024925.1	WP_080004761.1	polysaccharide lyase family 8 super-sandwich domain-containing protein	VFDB	NZ_CP118962.1	2575861-2580405	26587	0	0	no mobile element within 10 kb	
GCF_029024925.1	WP_111997010.1	Rib/alpha-like domain-containing protein	VFDB	NZ_CP118962.1	440168-445285	2090	1	1	MOBILE-ADJACENT	IS30-like element IS6770 family transposase; IS30-like element ISEnfa364 family transposase; recombinase family protein
GCF_029024925.1	WP_147594668.1	endocarditis and biofilm-associated pilus tip protein EbpA	VFDB	NZ_CP118962.1	933171-936635	59048	0	0	no mobile element within 10 kb	
GCF_050485045.1	WP_000516404.1	glycopeptide resistance protein VanZ-A	CARD	NZ_CP174866.1	3151-3636	1514	1	1	MOBILE-ADJACENT	IS30-like element IS1252 family transposase; IS6-like element IS1216 family transposase; IS982-like element ISEfm1 family transposase
GCF_050485045.1	WP_000691736.1	tetracycline resistance ribosomal protection protein Tet(M)	CARD;CARD	NZ_CP174869.1	3226968-3228887	377	1	1	MOBILE-ADJACENT	excisionase; tyrosine-type recombinase/integrase
GCF_050485045.1	WP_001028144.1	bifunctional aminoglycoside N-acetyltransferase AAC(6')-Ie/aminoglycoside O-phosphotransferase APH(2'')-Ia	CARD	NZ_CP174869.1	2197575-2199014	130	1	1	MOBILE-ADJACENT	IS256-like element IS256 family transposase
GCF_050485045.1	WP_001059542.1	D-lactate dehydrogenase VanH-A	CARD	NZ_CP174866.1	26348-27316	2263	1	1	MOBILE-ADJACENT	Tn3 family transposase; recombinase family protein
GCF_050485045.1	WP_001079845.1	D-alanine--(R)-lactate ligase VanA	CARD;CARD	NZ_CP174866.1	27309-28340	3224	1	1	MOBILE-ADJACENT	Tn3 family transposase; recombinase family protein
GCF_050485045.1	WP_001280781.1	vancomycin resistance response regulator transcription factor VanR-A	CARD	NZ_CP174866.1	24306-25001	221	1	1	MOBILE-ADJACENT	MobV family relaxase; Tn3 family transposase; recombinase family protein
GCF_050485045.1	WP_001812592.1	D-Ala-D-Ala carboxypeptidase VanY-A	CARD	NZ_CP174866.1	2087-2998	450	1	1	MOBILE-ADJACENT	IS6-like element IS1216 family transposase; IS982-like element ISEfm1 family transposase
GCF_050485045.1	WP_002305818.1	vancomycin resistance histidine kinase VanS-A	CARD	NZ_CP174866.1	24979-26133	894	1	1	MOBILE-ADJACENT	Tn3 family transposase; recombinase family protein
GCF_050485045.1	WP_002322211.1	trimethoprim-resistant dihydrofolate reductase DfrF	CARD	NZ_CP174869.1	952743-953237	3609	1	1	MOBILE-ADJACENT	excisionase; site-specific integrase
GCF_050485045.1	WP_002358140.1	multidrug efflux MFS transporter EmeA	CARD	NZ_CP174869.1	1670319-1671473	70687	0	0	no mobile element within 10 kb	
GCF_050485045.1	WP_002360302.1	trimethoprim-sensitive dihydrofolate reductase	CARD	NZ_CP174869.1	1184195-1184689	37034	0	0	no mobile element within 10 kb	
GCF_050485045.1	WP_002387187.1	ABC-F type ribosomal protection protein Lsa(A)	CARD	NZ_CP174869.1	132454-133950	41221	0	0	no mobile element within 10 kb	
GCF_050485045.1	WP_002387312.1	multidrug efflux ABC transporter subunit EfrA	CARD	NZ_CP174869.1	3209528-3211255	11897	0	0	no mobile element within 10 kb	
GCF_050485045.1	WP_002387383.1	serine/threonine protein kinase IreK	CARD	NZ_CP174869.1	3026908-3029064	47464	0	0	no mobile element within 10 kb	
GCF_050485045.1	WP_216416653.1	D-Ala-D-Ala dipeptidase VanX	CARD;CARD	NZ_CP174866.1	1-609	120	1	1	MOBILE-ADJACENT	IS982-like element ISEfm1 family transposase
GCF_050485045.1	WP_429863580.1	aminoglycoside O-nucleotidyltransferase ANT(4')-Ia	CARD	NZ_CP174866.1	4253-5014	2449	1	1	MOBILE-ADJACENT	IS30-like element IS1252 family transposase; IS6-like element IS1216 family transposase; IS982-like element ISEfm1 family transposase
GCF_050485045.1	WP_002355633.1	ATP-dependent Clp endopeptidase proteolytic subunit ClpP	VFDB	NZ_CP174869.1	2074284-2074877	28170	0	0	no mobile element within 10 kb	
GCF_050485045.1	WP_002356954.1	Mn/Fe ABC transporter substrate-binding lipoprotein EfaA	VFDB	NZ_CP174869.1	746127-747053	34937	0	0	no mobile element within 10 kb	
GCF_050485045.1	WP_002357513.1	BMC domain-containing protein	VFDB	NZ_CP174869.1	1134226-1134516	19583	0	0	no mobile element within 10 kb	
GCF_050485045.1	WP_002359680.1	phosphatidate cytidylyltransferase	VFDB	NZ_CP174869.1	382320-383120	74186	0	0	no mobile element within 10 kb	
GCF_050485045.1	WP_002359685.1	UDP-N-acetylmuramate dehydrogenase	VFDB	NZ_CP174869.1	389729-392182	81595	0	0	no mobile element within 10 kb	
GCF_050485045.1	WP_002362225.1	undecaprenyl pyrophosphate synthase	VFDB	NZ_CP174869.1	381508-382323	73374	0	0	no mobile element within 10 kb	
GCF_050485045.1	WP_002362618.1	CDP-glycerol glycerophosphotransferase family protein	VFDB	NZ_CP174869.1	383593-384762	75459	0	0	no mobile element within 10 kb	
GCF_050485045.1	WP_002362627.1	ABC transporter permease	VFDB	NZ_CP174869.1	395165-395977	87031	0	0	no mobile element within 10 kb	
GCF_050485045.1	WP_002367100.1	casular polysaccharide biosynthesis protein CpsF	VFDB	NZ_CP174869.1	388851-389702	80717	0	0	no mobile element within 10 kb	
GCF_050485045.1	WP_002369249.1	quorum-sensing system protein FsrB	VFDB	NZ_CP174869.1	942159-942887	5054	0	1	MOBILE-ADJACENT	
GCF_050485045.1	WP_002369251.1	gelatinase GelE	VFDB	NZ_CP174869.1	944462-945994	1947	1	1	MOBILE-ADJACENT	excisionase; site-specific integrase
GCF_050485045.1	WP_002369252.1	serine proteinase SprE	VFDB	NZ_CP174869.1	946043-946897	1044	1	1	MOBILE-ADJACENT	excisionase; site-specific integrase
GCF_050485045.1	WP_002370472.1	glycosyltransferase family A protein	VFDB	NZ_CP174869.1	384781-386247	76647	0	0	no mobile element within 10 kb	
GCF_050485045.1	WP_002376666.1	UDP-galactopyranose mutase	VFDB	NZ_CP174869.1	392657-393796	84523	0	0	no mobile element within 10 kb	
GCF_050485045.1	WP_002379309.1	endocarditis and biofilm-associated pilus minor subunit EbpB	VFDB	NZ_CP174869.1	1657631-1659061	57999	0	0	no mobile element within 10 kb	
GCF_050485045.1	WP_002379310.1	endocarditis and biofilm-associated pilus major subunit EbpC	VFDB	NZ_CP174869.1	1655751-1657634	56119	0	0	no mobile element within 10 kb	
GCF_050485045.1	WP_002379311.1	Ebp pilus assembly class C sortase	VFDB	NZ_CP174869.1	1654803-1655657	55171	0	0	no mobile element within 10 kb	
GCF_050485045.1	WP_002386893.1	GHKL domain-containing protein, partial	VFDB	NZ_CP174869.1	942884-944227	3714	1	1	MOBILE-ADJACENT	excisionase; site-specific integrase
GCF_050485045.1	WP_002387027.1	LacI family transcriptional regulator BopD	VFDB	NZ_CP174869.1	1885560-1886570	15453	0	0	no mobile element within 10 kb	
GCF_050485045.1	WP_002387127.1	ATP-binding cassette domain-containing protein	VFDB	NZ_CP174869.1	393780-395165	85646	0	0	no mobile element within 10 kb	
GCF_050485045.1	WP_002387128.1	lipoprotein CpsH	VFDB	NZ_CP174869.1	392200-392598	84066	0	0	no mobile element within 10 kb	
GCF_050485045.1	WP_002387129.1	glycosyltransferase family 2 protein	VFDB	NZ_CP174869.1	386317-388827	78183	0	0	no mobile element within 10 kb	
GCF_050485045.1	WP_002399773.1	hyaluronate lyase HylB	VFDB	NZ_CP174869.1	2020891-2023905	21037	0	0	no mobile element within 10 kb	
GCF_050485045.1	WP_010706484.1	fibrinogen-binding MSCRAMM adhesin Fss3	VFDB	NZ_CP174869.1	862956-866183	6450	0	1	MOBILE-ADJACENT	
GCF_050485045.1	WP_010714416.1	collagen-binding MSCRAMM adhesin Ace	VFDB	NZ_CP174869.1	1649697-1651721	50065	0	0	no mobile element within 10 kb	
GCF_050485045.1	WP_011109506.1	response regulator transcription factor FsrA	VFDB	NZ_CP174869.1	941339-942070	5871	0	1	MOBILE-ADJACENT	
GCF_050485045.1	WP_011109578.1	EF3023 family LPXTG-anchored polysaccharide lyase	VFDB	NZ_CP174869.1	3116757-3120875	102277	0	0	no mobile element within 10 kb	
GCF_050485045.1	WP_012579113.1	LPXTG-anchored aggregation substance	VFDB;VFDB;VFDB;VFDB	NZ_CP174865.1	643-4569	19402	0	0	no mobile element within 10 kb	
GCF_050485045.1	WP_108095633.1	LPXTG-anchored aggregation substance	VFDB;VFDB;VFDB	NZ_CP174868.1	16723-20643	4213	1	1	MOBILE-ADJACENT	type IV secretion system protein
GCF_050485045.1	WP_216416368.1	vWA domain-containing protein	VFDB	NZ_CP174869.1	1659065-1662529	59433	0	0	no mobile element within 10 kb	
GCF_050485045.1	WP_372583979.1	LPXTG-anchored aggregation substance	VFDB;VFDB;VFDB;VFDB	NZ_CP174869.1	2326500-2330381	3766	1	1	MOBILE-ADJACENT	type IV secretion system protein; tyrosine-type recombinase/integrase
GCF_050485045.1	WP_429864436.1	fibrinogen-binding MSCRAMM adhesin Fss3	VFDB	NZ_CP174869.1	532450-535674	5715	0	1	MOBILE-ADJACENT	
GCF_050485055.1	WP_000516404.1	glycopeptide resistance protein VanZ-A	CARD	NZ_CP174863.1	6506-6991	1514	1	1	MOBILE-ADJACENT	IS30-like element IS1252 family transposase; IS6 family transposase; IS982-like element ISEfm1 family transposase
GCF_050485055.1	WP_001028144.1	bifunctional aminoglycoside N-acetyltransferase AAC(6')-Ie/aminoglycoside O-phosphotransferase APH(2'')-Ia	CARD	NZ_CP174864.1	586660-588099	130	1	1	MOBILE-ADJACENT	IS256 family transposase; IS256-like element IS256 family transposase
GCF_050485055.1	WP_001059542.1	D-lactate dehydrogenase VanH-A	CARD	NZ_CP174863.1	1358-2326	1758	1	1	MOBILE-ADJACENT	IS982-like element ISEfm1 family transposase
GCF_050485055.1	WP_001079845.1	D-alanine--(R)-lactate ligase VanA	CARD;CARD	NZ_CP174863.1	2319-3350	734	1	1	MOBILE-ADJACENT	IS982-like element ISEfm1 family transposase
GCF_050485055.1	WP_001280781.1	vancomycin resistance response regulator transcription factor VanR-A	CARD	NZ_CP174863.1	27070-27765	221	1	1	MOBILE-ADJACENT	MobV family relaxase; Tn3 family transposase; recombinase family protein
GCF_050485055.1	WP_001812592.1	D-Ala-D-Ala carboxypeptidase VanY-A	CARD	NZ_CP174863.1	5442-6353	450	1	1	MOBILE-ADJACENT	IS6 family transposase; IS982-like element ISEfm1 family transposase
GCF_050485055.1	WP_002305818.1	vancomycin resistance histidine kinase VanS-A	CARD	NZ_CP174863.1	27743-28897	894	1	1	MOBILE-ADJACENT	Tn3 family transposase; recombinase family protein
GCF_050485055.1	WP_002322211.1	trimethoprim-resistant dihydrofolate reductase DfrF	CARD	NZ_CP174864.1	2594313-2594807	3609	1	1	MOBILE-ADJACENT	excisionase; tyrosine-type recombinase/integrase
GCF_050485055.1	WP_002357568.1	trimethoprim-sensitive dihydrofolate reductase	CARD	NZ_CP174864.1	1597888-1598382	37034	0	0	no mobile element within 10 kb	
GCF_050485055.1	WP_002358140.1	multidrug efflux MFS transporter EmeA	CARD	NZ_CP174864.1	1112333-1113487	70277	0	0	no mobile element within 10 kb	
GCF_050485055.1	WP_002364936.1	tetracycline resistance ribosomal protection protein Tet(M)	CARD;CARD	NZ_CP174864.1	3115662-3117581	377	1	1	MOBILE-ADJACENT	excisionase; tyrosine-type recombinase/integrase
GCF_050485055.1	WP_002370103.1	serine/threonine protein kinase IreK	CARD	NZ_CP174864.1	3004857-3007013	46589	0	0	no mobile element within 10 kb	
GCF_050485055.1	WP_002378632.1	ABC-F type ribosomal protection protein Lsa(A)	CARD	NZ_CP174864.1	2640502-2641998	40941	0	0	no mobile element within 10 kb	
GCF_050485055.1	WP_010710228.1	multidrug efflux ABC transporter subunit EfrA	CARD	NZ_CP174864.1	2823393-2825120	11898	0	0	no mobile element within 10 kb	
GCF_050485055.1	WP_216416653.1	D-Ala-D-Ala dipeptidase VanX	CARD;CARD	NZ_CP174863.1	3356-3964	120	1	1	MOBILE-ADJACENT	IS982-like element ISEfm1 family transposase
GCF_050485055.1	WP_429863580.1	aminoglycoside O-nucleotidyltransferase ANT(4')-Ia	CARD	NZ_CP174863.1	7608-8369	2485	1	1	MOBILE-ADJACENT	IS30-like element IS1252 family transposase; IS6 family transposase; IS982-like element ISEfm1 family transposase
GCF_050485055.1	WP_002355633.1	ATP-dependent Clp endopeptidase proteolytic subunit ClpP	VFDB	NZ_CP174864.1	710787-711380	28049	0	0	no mobile element within 10 kb	
GCF_050485055.1	WP_002356646.1	undecaprenyl pyrophosphate synthase	VFDB	NZ_CP174864.1	2394044-2394859	73165	0	0	no mobile element within 10 kb	
GCF_050485055.1	WP_002357513.1	BMC domain-containing protein	VFDB	NZ_CP174864.1	1648071-1648361	19592	0	0	no mobile element within 10 kb	
GCF_050485055.1	WP_002358859.1	LacI family transcriptional regulator BopD	VFDB	NZ_CP174864.1	898135-899145	15453	0	0	no mobile element within 10 kb	
GCF_050485055.1	WP_002359680.1	phosphatidate cytidylyltransferase	VFDB	NZ_CP174864.1	2393247-2394047	73977	0	0	no mobile element within 10 kb	
GCF_050485055.1	WP_002360002.1	Mn/Fe ABC transporter substrate-binding lipoprotein EfaA	VFDB	NZ_CP174864.1	2032520-2033446	34766	0	0	no mobile element within 10 kb	
GCF_050485055.1	WP_002362627.1	ABC transporter permease	VFDB	NZ_CP174864.1	2380390-2381202	86822	0	0	no mobile element within 10 kb	
GCF_050485055.1	WP_002367100.1	casular polysaccharide biosynthesis protein CpsF	VFDB	NZ_CP174864.1	2386665-2387516	80508	0	0	no mobile element within 10 kb	
GCF_050485055.1	WP_002369249.1	quorum-sensing system protein FsrB	VFDB	NZ_CP174864.1	1839285-1840013	5054	0	1	MOBILE-ADJACENT	
GCF_050485055.1	WP_002369251.1	gelatinase GelE	VFDB	NZ_CP174864.1	1836178-1837710	1947	1	1	MOBILE-ADJACENT	excisionase; site-specific integrase
GCF_050485055.1	WP_002369252.1	serine proteinase SprE	VFDB	NZ_CP174864.1	1835275-1836129	1044	1	1	MOBILE-ADJACENT	excisionase; site-specific integrase
GCF_050485055.1	WP_002376666.1	UDP-galactopyranose mutase	VFDB	NZ_CP174864.1	2382571-2383710	84314	0	0	no mobile element within 10 kb	
GCF_050485055.1	WP_002378173.1	endocarditis and biofilm-associated pilus minor subunit EbpB	VFDB	NZ_CP174864.1	1124332-1125762	58002	0	0	no mobile element within 10 kb	
GCF_050485055.1	WP_002378174.1	endocarditis and biofilm-associated pilus major subunit EbpC	VFDB	NZ_CP174864.1	1125759-1127642	56122	0	0	no mobile element within 10 kb	
GCF_050485055.1	WP_002378569.1	UDP-N-acetylmuramate dehydrogenase	VFDB	NZ_CP174864.1	2384185-2386638	81386	0	0	no mobile element within 10 kb	
GCF_050485055.1	WP_002378572.1	glycosyltransferase family A protein	VFDB	NZ_CP174864.1	2390120-2391586	76438	0	0	no mobile element within 10 kb	
GCF_050485055.1	WP_002386893.1	GHKL domain-containing protein, partial	VFDB	NZ_CP174864.1	1837945-1839288	3714	1	1	MOBILE-ADJACENT	excisionase; site-specific integrase
GCF_050485055.1	WP_002387127.1	ATP-binding cassette domain-containing protein	VFDB	NZ_CP174864.1	2381202-2382587	85437	0	0	no mobile element within 10 kb	
GCF_050485055.1	WP_002387128.1	lipoprotein CpsH	VFDB	NZ_CP174864.1	2383769-2384167	83857	0	0	no mobile element within 10 kb	
GCF_050485055.1	WP_002399773.1	hyaluronate lyase HylB	VFDB	NZ_CP174864.1	761057-764071	20799	0	0	no mobile element within 10 kb	
GCF_050485055.1	WP_002401894.1	CDP-glycerol glycerophosphotransferase family protein	VFDB	NZ_CP174864.1	2391605-2392774	75250	0	0	no mobile element within 10 kb	
GCF_050485055.1	WP_002401895.1	glycosyltransferase family 2 protein	VFDB	NZ_CP174864.1	2387540-2390050	77974	0	0	no mobile element within 10 kb	
GCF_050485055.1	WP_002407084.1	Ebp pilus assembly class C sortase	VFDB	NZ_CP174864.1	1127736-1128590	55174	0	0	no mobile element within 10 kb	
GCF_050485055.1	WP_010706484.1	fibrinogen-binding MSCRAMM adhesin Fss3	VFDB	NZ_CP174864.1	1913803-1917030	6451	0	1	MOBILE-ADJACENT	
GCF_050485055.1	WP_011109506.1	response regulator transcription factor FsrA	VFDB	NZ_CP174864.1	1840102-1840833	5871	0	1	MOBILE-ADJACENT	
GCF_050485055.1	WP_131501877.1	EF3023 family LPXTG-anchored polysaccharide lyase	VFDB	NZ_CP174864.1	2913759-2917877	102264	0	0	no mobile element within 10 kb	
GCF_050485055.1	WP_148406266.1	endocarditis and biofilm-associated pilus tip protein EbpA	VFDB	NZ_CP174864.1	1120864-1124328	59436	0	0	no mobile element within 10 kb	
GCF_050485055.1	WP_429864436.1	fibrinogen-binding MSCRAMM adhesin Fss3	VFDB	NZ_CP174864.1	2242585-2245809	5714	0	1	MOBILE-ADJACENT	
GCF_050485055.1	WP_429864487.1	LPXTG-anchored aggregation substance	VFDB;VFDB;VFDB	NZ_CP174861.1	37846-41766	13269	0	0	no mobile element within 10 kb	type IV secretion system protein
GCF_050485055.1	WP_429864565.1	collagen-binding MSCRAMM adhesin Ace	VFDB	NZ_CP174864.1	1131673-1133697	50067	0	0	no mobile element within 10 kb	
GCF_050485625.1	WP_000516404.1	glycopeptide resistance protein VanZ-A	CARD	NZ_CP174858.1	22535-23020	1514	1	1	MOBILE-ADJACENT	IS6-like element IS1216 family transposase; IS982-like element ISEfm1 family transposase
GCF_050485625.1	WP_000627290.1	streptothricin N-acetyltransferase Sat4	CARD	NZ_CP174857.1	5050-5592	2906	1	1	MOBILE-ADJACENT	IS1182-like element IS1182 family transposase; IS6-like element IS1216 family transposase
GCF_050485625.1	WP_000691736.1	tetracycline resistance ribosomal protection protein Tet(M)	CARD;CARD	NZ_CP174859.1	3185853-3187772	377	1	1	MOBILE-ADJACENT	excisionase; tyrosine-type recombinase/integrase
GCF_050485625.1	WP_001028144.1	bifunctional aminoglycoside N-acetyltransferase AAC(6')-Ie/aminoglycoside O-phosphotransferase APH(2'')-Ia	CARD	NZ_CP174859.1	2098743-2100182	130	1	1	MOBILE-ADJACENT	IS256 family transposase; IS256-like element IS256 family transposase
GCF_050485625.1	WP_001038792.1	23S rRNA (adenine(2058)-N(6))-methyltransferase Erm(B)	CARD	NZ_CP174857.1	9756-10493	593	1	1	MOBILE-ADJACENT	IS1182-like element IS1182 family transposase; Tn3 family transposase; recombinase family protein
GCF_050485625.1	WP_001059542.1	D-lactate dehydrogenase VanH-A	CARD	NZ_CP174858.1	17387-18355	1758	1	1	MOBILE-ADJACENT	IS982-like element ISEfm1 family transposase; Tn3 family transposase; recombinase family protein
GCF_050485625.1	WP_001079845.1	D-alanine--(R)-lactate ligase VanA	CARD;CARD	NZ_CP174858.1	18348-19379	734	1	1	MOBILE-ADJACENT	IS982-like element ISEfm1 family transposase; Tn3 family transposase; recombinase family protein
GCF_050485625.1	WP_001096887.1	aminoglycoside O-phosphotransferase APH(3')-IIIa	CARD	NZ_CP174857.1	4163-4957	3043	1	1	MOBILE-ADJACENT	IS1182-like element IS1182 family transposase; IS6-like element IS1216 family transposase
GCF_050485625.1	WP_001255866.1	aminoglycoside nucleotidyltransferase ANT(6)-Ia	CARD;CARD	NZ_CP174857.1	5589-6497	2001	1	1	MOBILE-ADJACENT	IS1182-like element IS1182 family transposase; IS6-like element IS1216 family transposase
GCF_050485625.1	WP_001280781.1	vancomycin resistance response regulator transcription factor VanR-A	CARD	NZ_CP174858.1	15345-16040	221	1	1	MOBILE-ADJACENT	IS982-like element ISEfm1 family transposase; MobV family relaxase; Tn3 family transposase
GCF_050485625.1	WP_001812592.1	D-Ala-D-Ala carboxypeptidase VanY-A	CARD	NZ_CP174858.1	21471-22382	450	1	1	MOBILE-ADJACENT	IS6-like element IS1216 family transposase; IS982-like element ISEfm1 family transposase
GCF_050485625.1	WP_002305818.1	vancomycin resistance histidine kinase VanS-A	CARD	NZ_CP174858.1	16018-17172	894	1	1	MOBILE-ADJACENT	IS982-like element ISEfm1 family transposase; Tn3 family transposase; recombinase family protein
GCF_050485625.1	WP_002322211.1	trimethoprim-resistant dihydrofolate reductase DfrF	CARD	NZ_CP174859.1	936192-936686	3609	1	1	MOBILE-ADJACENT	excisionase; site-specific integrase
GCF_050485625.1	WP_002358140.1	multidrug efflux MFS transporter EmeA	CARD	NZ_CP174859.1	1653729-1654883	70687	0	0	no mobile element within 10 kb	
GCF_050485625.1	WP_002360302.1	trimethoprim-sensitive dihydrofolate reductase	CARD	NZ_CP174859.1	1167644-1168138	37034	0	0	no mobile element within 10 kb	
GCF_050485625.1	WP_002387187.1	ABC-F type ribosomal protection protein Lsa(A)	CARD	NZ_CP174859.1	75268-76764	41221	0	0	no mobile element within 10 kb	
GCF_050485625.1	WP_002387312.1	multidrug efflux ABC transporter subunit EfrA	CARD	NZ_CP174859.1	3168413-3170140	11897	0	0	no mobile element within 10 kb	
GCF_050485625.1	WP_002387383.1	serine/threonine protein kinase IreK	CARD	NZ_CP174859.1	2985781-2987937	47464	0	0	no mobile element within 10 kb	
GCF_050485625.1	WP_216416653.1	D-Ala-D-Ala dipeptidase VanX	CARD;CARD	NZ_CP174858.1	19385-19993	120	1	1	MOBILE-ADJACENT	IS982-like element ISEfm1 family transposase; Tn3 family transposase; recombinase family protein
GCF_050485625.1	WP_429863580.1	aminoglycoside O-nucleotidyltransferase ANT(4')-Ia	CARD	NZ_CP174858.1	23637-24398	2449	1	1	MOBILE-ADJACENT	IS6-like element IS1216 family transposase; IS982-like element ISEfm1 family transposase
GCF_050485625.1	WP_002355633.1	ATP-dependent Clp endopeptidase proteolytic subunit ClpP	VFDB	NZ_CP174859.1	1975454-1976047	98911	0	0	no mobile element within 10 kb	
GCF_050485625.1	WP_002356954.1	Mn/Fe ABC transporter substrate-binding lipoprotein EfaA	VFDB	NZ_CP174859.1	689687-690613	34144	0	0	no mobile element within 10 kb	
GCF_050485625.1	WP_002357513.1	BMC domain-containing protein	VFDB	NZ_CP174859.1	1117675-1117965	19583	0	0	no mobile element within 10 kb	
GCF_050485625.1	WP_002359680.1	phosphatidate cytidylyltransferase	VFDB	NZ_CP174859.1	325134-325934	74187	0	0	no mobile element within 10 kb	
GCF_050485625.1	WP_002359685.1	UDP-N-acetylmuramate dehydrogenase	VFDB	NZ_CP174859.1	332543-334996	81596	0	0	no mobile element within 10 kb	
GCF_050485625.1	WP_002359803.1	fibrinogen-binding MSCRAMM adhesin Fss3	VFDB	NZ_CP174859.1	475264-478488	5715	0	1	MOBILE-ADJACENT	
GCF_050485625.1	WP_002362225.1	undecaprenyl pyrophosphate synthase	VFDB	NZ_CP174859.1	324322-325137	73375	0	0	no mobile element within 10 kb	
GCF_050485625.1	WP_002362618.1	CDP-glycerol glycerophosphotransferase family protein	VFDB	NZ_CP174859.1	326407-327576	75460	0	0	no mobile element within 10 kb	
GCF_050485625.1	WP_002362627.1	ABC transporter permease	VFDB	NZ_CP174859.1	337979-338791	87032	0	0	no mobile element within 10 kb	
GCF_050485625.1	WP_002367100.1	casular polysaccharide biosynthesis protein CpsF	VFDB	NZ_CP174859.1	331665-332516	80718	0	0	no mobile element within 10 kb	
GCF_050485625.1	WP_002369249.1	quorum-sensing system protein FsrB	VFDB	NZ_CP174859.1	925608-926336	5054	0	1	MOBILE-ADJACENT	
GCF_050485625.1	WP_002369251.1	gelatinase GelE	VFDB	NZ_CP174859.1	927911-929443	1947	1	1	MOBILE-ADJACENT	excisionase; site-specific integrase
GCF_050485625.1	WP_002369252.1	serine proteinase SprE	VFDB	NZ_CP174859.1	929492-930346	1044	1	1	MOBILE-ADJACENT	excisionase; site-specific integrase
GCF_050485625.1	WP_002370472.1	glycosyltransferase family A protein	VFDB	NZ_CP174859.1	327595-329061	76648	0	0	no mobile element within 10 kb	
GCF_050485625.1	WP_002376666.1	UDP-galactopyranose mutase	VFDB	NZ_CP174859.1	335471-336610	84524	0	0	no mobile element within 10 kb	
GCF_050485625.1	WP_002379309.1	endocarditis and biofilm-associated pilus minor subunit EbpB	VFDB	NZ_CP174859.1	1641041-1642471	57999	0	0	no mobile element within 10 kb	
GCF_050485625.1	WP_002379310.1	endocarditis and biofilm-associated pilus major subunit EbpC	VFDB	NZ_CP174859.1	1639161-1641044	56119	0	0	no mobile element within 10 kb	
GCF_050485625.1	WP_002379311.1	Ebp pilus assembly class C sortase	VFDB	NZ_CP174859.1	1638213-1639067	55171	0	0	no mobile element within 10 kb	
GCF_050485625.1	WP_002386893.1	GHKL domain-containing protein, partial	VFDB	NZ_CP174859.1	926333-927676	3714	1	1	MOBILE-ADJACENT	excisionase; site-specific integrase
GCF_050485625.1	WP_002387027.1	LacI family transcriptional regulator BopD	VFDB	NZ_CP174859.1	1788018-1789028	86344	0	0	no mobile element within 10 kb	
GCF_050485625.1	WP_002387127.1	ATP-binding cassette domain-containing protein	VFDB	NZ_CP174859.1	336594-337979	85647	0	0	no mobile element within 10 kb	
GCF_050485625.1	WP_002387128.1	lipoprotein CpsH	VFDB	NZ_CP174859.1	335014-335412	84067	0	0	no mobile element within 10 kb	
GCF_050485625.1	WP_002387129.1	glycosyltransferase family 2 protein	VFDB	NZ_CP174859.1	329131-331641	78184	0	0	no mobile element within 10 kb	
GCF_050485625.1	WP_002399773.1	hyaluronate lyase HylB	VFDB	NZ_CP174859.1	1923393-1926407	46850	0	0	no mobile element within 10 kb	
GCF_050485625.1	WP_010706484.1	fibrinogen-binding MSCRAMM adhesin Fss3	VFDB	NZ_CP174859.1	847737-850964	6450	0	1	MOBILE-ADJACENT	
GCF_050485625.1	WP_010714416.1	collagen-binding MSCRAMM adhesin Ace	VFDB	NZ_CP174859.1	1633107-1635131	50065	0	0	no mobile element within 10 kb	
GCF_050485625.1	WP_011109506.1	response regulator transcription factor FsrA	VFDB	NZ_CP174859.1	924788-925519	5871	0	1	MOBILE-ADJACENT	
GCF_050485625.1	WP_011109578.1	EF3023 family LPXTG-anchored polysaccharide lyase	VFDB	NZ_CP174859.1	3075642-3079760	102277	0	0	no mobile element within 10 kb	
GCF_050485625.1	WP_216416368.1	vWA domain-containing protein	VFDB	NZ_CP174859.1	1642475-1645939	59433	0	0	no mobile element within 10 kb	
GCF_050485625.1	WP_372583979.1	LPXTG-anchored aggregation substance	VFDB;VFDB;VFDB;VFDB	NZ_CP174859.1	2237238-2241119	3766	1	1	MOBILE-ADJACENT	type IV secretion system protein; tyrosine-type recombinase/integrase
GCF_050485635.1	WP_000516404.1	glycopeptide resistance protein VanZ-A	CARD	NZ_CP174855.1	7291-7776	1514	1	1	MOBILE-ADJACENT	IS6-like element IS1216 family transposase; IS982-like element ISEfm1 family transposase
GCF_050485635.1	WP_000627290.1	streptothricin N-acetyltransferase Sat4	CARD	NZ_CP174854.1	21697-22239	2906	1	1	MOBILE-ADJACENT	IS1182-like element IS1182 family transposase; IS6-like element IS1216 family transposase
GCF_050485635.1	WP_000691736.1	tetracycline resistance ribosomal protection protein Tet(M)	CARD;CARD	NZ_CP174856.1	3134868-3136787	377	1	1	MOBILE-ADJACENT	excisionase; tyrosine-type recombinase/integrase
GCF_050485635.1	WP_001028144.1	bifunctional aminoglycoside N-acetyltransferase AAC(6')-Ie/aminoglycoside O-phosphotransferase APH(2'')-Ia	CARD	NZ_CP174856.1	642911-644350	130	1	1	MOBILE-ADJACENT	IS256 family transposase; IS256-like element IS256 family transposase
GCF_050485635.1	WP_001038790.1	23S rRNA (adenine(2058)-N(6))-methyltransferase Erm(B)	CARD	NZ_CP174854.1	16796-17533	593	1	1	MOBILE-ADJACENT	IS1182-like element IS1182 family transposase; Tn3 family transposase; recombinase family protein
GCF_050485635.1	WP_001059542.1	D-lactate dehydrogenase VanH-A	CARD	NZ_CP174855.1	11956-12924	1758	1	1	MOBILE-ADJACENT	IS982-like element ISEfm1 family transposase; Tn3 family transposase; recombinase family protein
GCF_050485635.1	WP_001079845.1	D-alanine--(R)-lactate ligase VanA	CARD;CARD	NZ_CP174855.1	10932-11963	734	1	1	MOBILE-ADJACENT	IS982-like element ISEfm1 family transposase; Tn3 family transposase; recombinase family protein
GCF_050485635.1	WP_001096887.1	aminoglycoside O-phosphotransferase APH(3')-IIIa	CARD	NZ_CP174854.1	22332-23126	3043	1	1	MOBILE-ADJACENT	IS1182-like element IS1182 family transposase; IS6-like element IS1216 family transposase
GCF_050485635.1	WP_001255866.1	aminoglycoside nucleotidyltransferase ANT(6)-Ia	CARD;CARD	NZ_CP174854.1	20792-21700	2001	1	1	MOBILE-ADJACENT	IS1182-like element IS1182 family transposase; IS6-like element IS1216 family transposase
GCF_050485635.1	WP_001280781.1	vancomycin resistance response regulator transcription factor VanR-A	CARD	NZ_CP174855.1	14271-14966	221	1	1	MOBILE-ADJACENT	IS982-like element ISEfm1 family transposase; MobV family relaxase; Tn3 family transposase
GCF_050485635.1	WP_001812592.1	D-Ala-D-Ala carboxypeptidase VanY-A	CARD	NZ_CP174855.1	7929-8840	450	1	1	MOBILE-ADJACENT	IS6-like element IS1216 family transposase; IS982-like element ISEfm1 family transposase
GCF_050485635.1	WP_002305818.1	vancomycin resistance histidine kinase VanS-A	CARD	NZ_CP174855.1	13139-14293	894	1	1	MOBILE-ADJACENT	IS982-like element ISEfm1 family transposase; Tn3 family transposase; recombinase family protein
GCF_050485635.1	WP_002322211.1	trimethoprim-resistant dihydrofolate reductase DfrF	CARD	NZ_CP174856.1	2614196-2614690	3609	1	1	MOBILE-ADJACENT	excisionase; site-specific integrase
GCF_050485635.1	WP_002358140.1	multidrug efflux MFS transporter EmeA	CARD	NZ_CP174856.1	1087821-1088975	70687	0	0	no mobile element within 10 kb	
GCF_050485635.1	WP_002360302.1	trimethoprim-sensitive dihydrofolate reductase	CARD	NZ_CP174856.1	1573678-1574172	37030	0	0	no mobile element within 10 kb	
GCF_050485635.1	WP_002365367.1	serine/threonine protein kinase IreK	CARD	NZ_CP174856.1	3023498-3025654	47184	0	0	no mobile element within 10 kb	
GCF_050485635.1	WP_002370529.1	ABC-F type ribosomal protection protein Lsa(A)	CARD	NZ_CP174856.1	2660714-2662210	41222	0	0	no mobile element within 10 kb	
GCF_050485635.1	WP_002414139.1	multidrug efflux ABC transporter subunit EfrA	CARD	NZ_CP174856.1	2843033-2844760	11898	0	0	no mobile element within 10 kb	
GCF_050485635.1	WP_049097722.1	trimethoprim-resistant dihydrofolate reductase DfrF	CARD	NZ_CP174856.1	1804859-1805332	3609	1	1	MOBILE-ADJACENT	excisionase; site-specific integrase
GCF_050485635.1	WP_216416653.1	D-Ala-D-Ala dipeptidase VanX	CARD;CARD	NZ_CP174855.1	10318-10926	120	1	1	MOBILE-ADJACENT	IS982-like element ISEfm1 family transposase; Tn3 family transposase; recombinase family protein
GCF_050485635.1	WP_429863580.1	aminoglycoside O-nucleotidyltransferase ANT(4')-Ia	CARD	NZ_CP174855.1	5913-6674	2449	1	1	MOBILE-ADJACENT	IS30-like element IS1252 family transposase; IS6-like element IS1216 family transposase; IS982-like element ISEfm1 family transposase
GCF_050485635.1	WP_002355633.1	ATP-dependent Clp endopeptidase proteolytic subunit ClpP	VFDB	NZ_CP174856.1	767051-767644	98901	0	0	no mobile element within 10 kb	
GCF_050485635.1	WP_002356646.1	undecaprenyl pyrophosphate synthase	VFDB	NZ_CP174856.1	2413213-2414028	73424	0	0	no mobile element within 10 kb	
GCF_050485635.1	WP_002356954.1	Mn/Fe ABC transporter substrate-binding lipoprotein EfaA	VFDB	NZ_CP174856.1	2049566-2050492	34003	0	0	no mobile element within 10 kb	
GCF_050485635.1	WP_002357513.1	BMC domain-containing protein	VFDB	NZ_CP174856.1	1623848-1624138	19593	0	0	no mobile element within 10 kb	
GCF_050485635.1	WP_002359680.1	phosphatidate cytidylyltransferase	VFDB	NZ_CP174856.1	2412416-2413216	74236	0	0	no mobile element within 10 kb	
GCF_050485635.1	WP_002359687.1	UDP-galactopyranose mutase	VFDB	NZ_CP174856.1	2401740-2402879	84573	0	0	no mobile element within 10 kb	
GCF_050485635.1	WP_002362627.1	ABC transporter permease	VFDB	NZ_CP174856.1	2399559-2400371	87081	0	0	no mobile element within 10 kb	
GCF_050485635.1	WP_002367100.1	casular polysaccharide biosynthesis protein CpsF	VFDB	NZ_CP174856.1	2405834-2406685	80767	0	0	no mobile element within 10 kb	
GCF_050485635.1	WP_002369249.1	quorum-sensing system protein FsrB	VFDB	NZ_CP174856.1	1815188-1815916	5054	0	1	MOBILE-ADJACENT	
GCF_050485635.1	WP_002369251.1	gelatinase GelE	VFDB	NZ_CP174856.1	1812081-1813613	1947	1	1	MOBILE-ADJACENT	excisionase; site-specific integrase
GCF_050485635.1	WP_002369252.1	serine proteinase SprE	VFDB	NZ_CP174856.1	1811178-1812032	1044	1	1	MOBILE-ADJACENT	excisionase; site-specific integrase
GCF_050485635.1	WP_002370472.1	glycosyltransferase family A protein	VFDB	NZ_CP174856.1	2409289-2410755	76697	0	0	no mobile element within 10 kb	
GCF_050485635.1	WP_002370473.1	CDP-glycerol glycerophosphotransferase family protein	VFDB	NZ_CP174856.1	2410774-2411943	75509	0	0	no mobile element within 10 kb	
GCF_050485635.1	WP_002371340.1	Ebp pilus assembly class C sortase	VFDB	NZ_CP174856.1	1103637-1104491	55171	0	0	no mobile element within 10 kb	
GCF_050485635.1	WP_002371343.1	endocarditis and biofilm-associated pilus minor subunit EbpB	VFDB	NZ_CP174856.1	1100233-1101663	57999	0	0	no mobile element within 10 kb	
GCF_050485635.1	WP_002371344.1	endocarditis and biofilm-associated pilus tip protein EbpA	VFDB	NZ_CP174856.1	1096765-1100229	59433	0	0	no mobile element within 10 kb	
GCF_050485635.1	WP_002386893.1	GHKL domain-containing protein, partial	VFDB	NZ_CP174856.1	1813848-1815191	3714	1	1	MOBILE-ADJACENT	excisionase; site-specific integrase
GCF_050485635.1	WP_002387128.1	lipoprotein CpsH	VFDB	NZ_CP174856.1	2402938-2403336	84116	0	0	no mobile element within 10 kb	
GCF_050485635.1	WP_002387129.1	glycosyltransferase family 2 protein	VFDB	NZ_CP174856.1	2406709-2409219	78233	0	0	no mobile element within 10 kb	
GCF_050485635.1	WP_002391973.1	ATP-binding cassette domain-containing protein	VFDB	NZ_CP174856.1	2400371-2401756	85696	0	0	no mobile element within 10 kb	
GCF_050485635.1	WP_002399773.1	hyaluronate lyase HylB	VFDB	NZ_CP174856.1	816680-819694	46851	0	0	no mobile element within 10 kb	
GCF_050485635.1	WP_002402863.1	endocarditis and biofilm-associated pilus major subunit EbpC	VFDB	NZ_CP174856.1	1101660-1103543	56119	0	0	no mobile element within 10 kb	
GCF_050485635.1	WP_010815841.1	UDP-N-acetylmuramate dehydrogenase	VFDB	NZ_CP174856.1	2403354-2405807	81645	0	0	no mobile element within 10 kb	
GCF_050485635.1	WP_011109506.1	response regulator transcription factor FsrA	VFDB	NZ_CP174856.1	1816005-1816736	5871	0	1	MOBILE-ADJACENT	
GCF_050485635.1	WP_105223295.1	collagen-binding MSCRAMM adhesin Ace	VFDB	NZ_CP174856.1	1107573-1109597	50065	0	0	no mobile element within 10 kb	
GCF_050485635.1	WP_202502744.1	EF3023 family LPXTG-anchored polysaccharide lyase	VFDB	NZ_CP174856.1	2933460-2937578	102325	0	0	no mobile element within 10 kb	
GCF_050485635.1	WP_429864047.1	fibrinogen-binding MSCRAMM adhesin Fss3	VFDB	NZ_CP174856.1	1890422-1893649	6450	0	1	MOBILE-ADJACENT	
GCF_050485635.1	WP_429864081.1	fibrinogen-binding MSCRAMM adhesin Fss3	VFDB	NZ_CP174856.1	2260723-2263947	5718	0	1	MOBILE-ADJACENT	
GCF_050485635.1	WP_429864176.1	LacI family transcriptional regulator BopD	VFDB	NZ_CP174856.1	954075-955085	86358	0	0	no mobile element within 10 kb	
GCF_055814325.1	WP_002357568.1	trimethoprim-sensitive dihydrofolate reductase	CARD	NZ_CP149536.1	1711666-1712160	21441	0	0	no mobile element within 10 kb	
GCF_055814325.1	WP_002358140.1	multidrug efflux MFS transporter EmeA	CARD	NZ_CP149536.1	1221225-1222379	72814	0	0	no mobile element within 10 kb	
GCF_055814325.1	WP_002364936.1	tetracycline resistance ribosomal protection protein Tet(M)	CARD;CARD	NZ_CP149536.1	952233-954152	377	1	1	MOBILE-ADJACENT	excisionase; tyrosine-type recombinase/integrase
GCF_055814325.1	WP_002370103.1	serine/threonine protein kinase IreK	CARD	NZ_CP149536.1	2989933-2992089	45436	0	0	no mobile element within 10 kb	
GCF_055814325.1	WP_002378632.1	ABC-F type ribosomal protection protein Lsa(A)	CARD	NZ_CP149536.1	2635842-2637338	97137	0	0	no mobile element within 10 kb	
GCF_055814325.1	WP_002415211.1	chloramphenicol/florfenicol efflux MFS transporter FexB	CARD	NZ_CP149537.1	3720-5129	404	1	1	MOBILE-ADJACENT	IS6-like element IS1216 family transposase; Mu transposase C-terminal domain-containing protein; recombinase family protein
GCF_055814325.1	WP_002415638.1	ABC-F type ribosomal protection protein PoxtA	CARD	NZ_CP149537.1	27251-28879	54	1	1	MOBILE-ADJACENT	IS30-like element IS1252 family transposase; IS6-like element IS1216 family transposase; recombinase family protein
GCF_055814325.1	WP_010710228.1	multidrug efflux ABC transporter subunit EfrA	CARD	NZ_CP149536.1	2802250-2803977	61648	0	0	no mobile element within 10 kb	
GCF_055814325.1	WP_018659192.1	lincosamide nucleotidyltransferase Lnu(B)	CARD	NZ_CP149536.1	3085333-3086136	226	1	1	MOBILE-ADJACENT	IS4 family transposase
GCF_055814325.1	WP_053863316.1	ABC-F type ribosomal protection protein Lsa(E)	CARD	NZ_CP149536.1	3086190-3087674	1083	1	1	MOBILE-ADJACENT	IS4 family transposase
GCF_055814325.1	WP_002355633.1	ATP-dependent Clp endopeptidase proteolytic subunit ClpP	VFDB	NZ_CP149536.1	745884-746477	142341	0	0	no mobile element within 10 kb	
GCF_055814325.1	WP_002356646.1	undecaprenyl pyrophosphate synthase	VFDB	NZ_CP149536.1	2453923-2454738	100075	0	0	no mobile element within 10 kb	
GCF_055814325.1	WP_002357513.1	BMC domain-containing protein	VFDB	NZ_CP149536.1	1764424-1764714	19593	0	0	no mobile element within 10 kb	
GCF_055814325.1	WP_002358181.1	lanthipeptide cytolysin subunit CylL-S	VFDB	NZ_CP149536.1	442133-442324	1669	1	1	MOBILE-ADJACENT	IS256 family transposase; IS6 family transposase
GCF_055814325.1	WP_002358485.1	lanthipeptide cytolysin subunit CylL-L	VFDB	NZ_CP149536.1	441893-442099	1429	1	1	MOBILE-ADJACENT	IS256 family transposase; IS6 family transposase
GCF_055814325.1	WP_002358859.1	LacI family transcriptional regulator BopD	VFDB	NZ_CP149536.1	924475-925485	8718	0	1	MOBILE-ADJACENT	
GCF_055814325.1	WP_002359680.1	phosphatidate cytidylyltransferase	VFDB	NZ_CP149536.1	2453126-2453926	99278	0	0	no mobile element within 10 kb	
GCF_055814325.1	WP_002360002.1	Mn/Fe ABC transporter substrate-binding lipoprotein EfaA	VFDB	NZ_CP149536.1	2123202-2124128	34671	0	0	no mobile element within 10 kb	
GCF_055814325.1	WP_002362627.1	ABC transporter permease	VFDB	NZ_CP149536.1	2440268-2441080	86420	0	0	no mobile element within 10 kb	
GCF_055814325.1	WP_002367100.1	casular polysaccharide biosynthesis protein CpsF	VFDB	NZ_CP149536.1	2446543-2447394	92695	0	0	no mobile element within 10 kb	
GCF_055814325.1	WP_002368282.1	site-2 protease family protein	VFDB	NZ_CP149536.1	448758-449741	8294	0	1	MOBILE-ADJACENT	
GCF_055814325.1	WP_002368283.1	S8 family serine peptidase	VFDB	NZ_CP149536.1	447519-448757	7055	0	1	MOBILE-ADJACENT	
GCF_055814325.1	WP_002370235.1	LPXTG-anchored aggregation substance	VFDB;VFDB;VFDB;VFDB	NZ_CP149536.1	404642-408547	3767	1	1	MOBILE-ADJACENT	tyrosine-type recombinase/integrase
GCF_055814325.1	WP_002370927.1	peptidase domain-containing ABC transporter	VFDB	NZ_CP149536.1	445378-447522	4914	1	1	MOBILE-ADJACENT	IS6 family transposase
GCF_055814325.1	WP_002370929.1	type 2 lanthipeptide synthetase LanM family protein	VFDB	NZ_CP149536.1	442385-445366	1921	1	1	MOBILE-ADJACENT	IS256 family transposase; IS6 family transposase
GCF_055814325.1	WP_002370931.1	cytolysin regulator CylR2	VFDB	NZ_CP149536.1	441289-441489	825	1	1	MOBILE-ADJACENT	IS256 family transposase; IS6 family transposase
GCF_055814325.1	WP_002376666.1	UDP-galactopyranose mutase	VFDB	NZ_CP149536.1	2442449-2443588	88601	0	0	no mobile element within 10 kb	
GCF_055814325.1	WP_002378172.1	endocarditis and biofilm-associated pilus tip protein EbpA	VFDB	NZ_CP149536.1	1229545-1233009	62184	0	0	no mobile element within 10 kb	
GCF_055814325.1	WP_002378173.1	endocarditis and biofilm-associated pilus minor subunit EbpB	VFDB	NZ_CP149536.1	1233013-1234443	60750	0	0	no mobile element within 10 kb	
GCF_055814325.1	WP_002378174.1	endocarditis and biofilm-associated pilus major subunit EbpC	VFDB	NZ_CP149536.1	1234440-1236323	58870	0	0	no mobile element within 10 kb	
GCF_055814325.1	WP_002378175.1	Ebp pilus assembly class C sortase	VFDB	NZ_CP149536.1	1236417-1237274	57919	0	0	no mobile element within 10 kb	
GCF_055814325.1	WP_002378177.1	collagen binding domain-containing protein	VFDB	NZ_CP149536.1	1243548-1245431	49762	0	0	no mobile element within 10 kb	
GCF_055814325.1	WP_002378569.1	UDP-N-acetylmuramate dehydrogenase	VFDB	NZ_CP149536.1	2444063-2446516	90215	0	0	no mobile element within 10 kb	
GCF_055814325.1	WP_002378572.1	glycosyltransferase family A protein	VFDB	NZ_CP149536.1	2449998-2451464	96150	0	0	no mobile element within 10 kb	
GCF_055814325.1	WP_002387127.1	ATP-binding cassette domain-containing protein	VFDB	NZ_CP149536.1	2441080-2442465	87232	0	0	no mobile element within 10 kb	
GCF_055814325.1	WP_002387128.1	lipoprotein CpsH	VFDB	NZ_CP149536.1	2443647-2444045	89799	0	0	no mobile element within 10 kb	
GCF_055814325.1	WP_002401894.1	CDP-glycerol glycerophosphotransferase family protein	VFDB	NZ_CP149536.1	2451483-2452652	97635	0	0	no mobile element within 10 kb	
GCF_055814325.1	WP_002401895.1	glycosyltransferase family 2 protein	VFDB	NZ_CP149536.1	2447418-2449928	93570	0	0	no mobile element within 10 kb	
GCF_055814325.1	WP_010819836.1	LPXTG-anchored aggregation substance	VFDB;VFDB;VFDB;VFDB	NZ_CP149536.1	974893-978810	4405	1	1	MOBILE-ADJACENT	
GCF_055814325.1	WP_104669501.1	LPXTG-anchored aggregation substance	VFDB;VFDB;VFDB;VFDB	NZ_CP149536.1	129059-132943	10172	0	0	no mobile element within 10 kb	
GCF_055814325.1	WP_105223175.1	LPXTG-anchored aggregation substance Asa1	VFDB;VFDB;VFDB	NZ_CP149538.1	50294-54184	6017	0	1	MOBILE-ADJACENT	
GCF_055814325.1	WP_224561187.1	polysaccharide lyase family 8 super-sandwich domain-containing protein	VFDB	NZ_CP149536.1	2901676-2906007	26620	0	0	no mobile element within 10 kb	
GCF_055814325.1	WP_227264186.1	Rib/alpha-like domain-containing protein	VFDB	NZ_CP149536.1	454405-459780	2089	1	1	MOBILE-ADJACENT	IS30-like element ISEnfa364 family transposase; recombinase family protein
GCF_055814325.1	WP_229022117.1	Rib/alpha-like domain-containing protein	VFDB	NZ_CP149536.1	1049682-1054799	2090	1	1	MOBILE-ADJACENT	IS30-like element ISEnfa364 family transposase; recombinase family protein
GCF_056485845.1	WP_000067268.1	aminoglycoside nucleotidyltransferase ANT(9)-Ia	CARD	NZ_CM151291.1	2268999-2269781	538	1	1	MOBILE-ADJACENT	site-specific integrase; tyrosine-type recombinase/integrase
GCF_056485845.1	WP_000868795.1	trimethoprim-resistant dihydrofolate reductase DfrG	CARD;CARD	NZ_CM151291.1	63423-63920	3682	1	1	MOBILE-ADJACENT	site-specific integrase
GCF_056485845.1	WP_001038796.1	23S rRNA (adenine(2058)-N(6))-methyltransferase Erm(B)	CARD	NZ_JBVVMA010000003.1	48631-49368	2037	1	1	MOBILE-ADJACENT	IS6 family transposase; IS6-like element IS1216 family transposase; ISL3-like element ISEfa11 family transposase
GCF_056485845.1	WP_001072201.1	23S rRNA (adenine(2058)-N(6))-methyltransferase Erm(A)	CARD;CARD	NZ_CM151291.1	2268142-2268873	1446	1	1	MOBILE-ADJACENT	site-specific integrase; tyrosine-type recombinase/integrase
GCF_056485845.1	WP_001096887.1	aminoglycoside O-phosphotransferase APH(3')-IIIa	CARD	NZ_JBVVMA010000003.1	50118-50912	589	1	1	MOBILE-ADJACENT	IS6 family transposase; IS6-like element IS1216 family transposase; ISL3-like element ISEfa11 family transposase
GCF_056485845.1	WP_002289795.1	aminoglycoside 6'-N-acetyltransferase	CARD	NZ_CM151291.1	2373078-2373626	3133	1	1	MOBILE-ADJACENT	ISL3-like element ISEfa5 family transposase
GCF_056485845.1	WP_002291207.1	multidrug efflux MFS transporter EfmA	CARD	NZ_CM151291.1	611246-612532	19848	0	0	no mobile element within 10 kb	
GCF_056485845.1	WP_002296290.1	multidrug efflux ABC transporter subunit EfrA	CARD	NZ_CM151291.1	2261973-2263703	6616	0	1	MOBILE-ADJACENT	
GCF_056485845.1	WP_002302681.1	ABC-F type ribosomal protection protein Msr(C)	CARD	NZ_CM151291.1	2890371-2891849	6407	0	1	MOBILE-ADJACENT	
GCF_056485845.1	WP_002317266.1	D-Ala-D-Ala dipeptidase VanX-B	CARD	NZ_CM151291.1	683060-683668	358	1	1	MOBILE-ADJACENT	IS110 family RNA-guided transposase; IS3-like element ISEnfa3 family transposase; excisionase
GCF_056485845.1	WP_002317268.1	D-lactate dehydrogenase VanH-B	CARD	NZ_CM151291.1	681062-682033	409	1	1	MOBILE-ADJACENT	IS110 family RNA-guided transposase; IS3-like element ISEnfa3 family transposase; excisionase
GCF_056485845.1	WP_002330522.1	VanY-B/VanY-G family D-Ala-D-Ala carboxypeptidase	CARD	NZ_CM151291.1	677636-678442	961	1	1	MOBILE-ADJACENT	IS110 family RNA-guided transposase; plasmid mobilization protein; relaxase/mobilization nuclease domain-containing protein
GCF_056485845.1	WP_021414738.1	tetracycline resistance ribosomal protection protein Tet(M)	CARD;CARD	NZ_CM151291.1	2768342-2770261	24	1	1	MOBILE-ADJACENT	site-specific integrase
GCF_056485845.1	WP_126145181.1	vancomycin resistance response regulator transcription factor VanR-B	CARD	NZ_CM151291.1	675460-676119	1902	1	1	MOBILE-ADJACENT	IS110 family RNA-guided transposase; plasmid mobilization protein; relaxase/mobilization nuclease domain-containing protein
GCF_056485845.1	WP_126145182.1	vancomycin resistance histidine kinase VanS-B	CARD	NZ_CM151291.1	676122-677465	1938	1	1	MOBILE-ADJACENT	IS110 family RNA-guided transposase; plasmid mobilization protein; relaxase/mobilization nuclease domain-containing protein
GCF_056485845.1	WP_126145183.1	D-alanine--(R)-lactate ligase VanB	CARD	NZ_CM151291.1	682026-683054	972	1	1	MOBILE-ADJACENT	IS110 family RNA-guided transposase; IS3-like element ISEnfa3 family transposase; excisionase
GCF_056485845.1	WP_002286379.1	LacI family DNA-binding transcriptional regulator	VFDB	NZ_CM151291.1	451193-452212	181	1	1	MOBILE-ADJACENT	ISL3-like element ISEfa5 family transposase
GCF_056485845.1	WP_002289238.1	collagen-binding MSCRAMM adhesin Acm	VFDB	NZ_CM151291.1	2386050-2388215	7996	0	1	MOBILE-ADJACENT	
GCF_056485845.1	WP_002289382.1	collagen-binding MSCRAMM adhesin Scm	VFDB	NZ_CM151291.1	3023979-3025961	7230	0	1	MOBILE-ADJACENT	
GCF_056485845.1	WP_002289402.1	ATP-dependent Clp endopeptidase proteolytic subunit ClpP	VFDB	NZ_CM151291.1	2258589-2259182	3721	1	1	MOBILE-ADJACENT	IS30 family transposase
GCF_056485845.1	WP_002296629.1	LPXTG-anchored fibrinogen/nidogen-binding adhesin SgrA	VFDB	NZ_CM151291.1	1746708-1747682	1883	1	1	MOBILE-ADJACENT	IS110 family RNA-guided transposase; ISL3 family transposase
GCF_056485845.1	WP_010729285.1	fibrinogen-binding MSCRAMM adhesin Fss3	VFDB	NZ_CM151291.1	2930591-2933818	5248	0	1	MOBILE-ADJACENT	
GCF_056485845.1	WP_059355941.1	Rib/alpha-like domain-containing protein	VFDB	NZ_CM151291.1	2959904-2965831	1795	1	1	MOBILE-ADJACENT	DDE-type integrase/transposase/recombinase; IS3 family transposase; IS30 family transposase
GCF_056485875.1	WP_000067268.1	aminoglycoside nucleotidyltransferase ANT(9)-Ia	CARD	NZ_CM151293.1	2270890-2271672	538	1	1	MOBILE-ADJACENT	site-specific integrase; tyrosine-type recombinase/integrase
GCF_056485875.1	WP_000868795.1	trimethoprim-resistant dihydrofolate reductase DfrG	CARD;CARD	NZ_CM151293.1	63423-63920	3682	1	1	MOBILE-ADJACENT	site-specific integrase
GCF_056485875.1	WP_001038796.1	23S rRNA (adenine(2058)-N(6))-methyltransferase Erm(B)	CARD	NZ_JBVVLZ010000003.1	41454-42191	2037	1	1	MOBILE-ADJACENT	IS6 family transposase; IS6-like element IS1216 family transposase; ISL3-like element ISEfa11 family transposase
GCF_056485875.1	WP_001072201.1	23S rRNA (adenine(2058)-N(6))-methyltransferase Erm(A)	CARD;CARD	NZ_CM151293.1	2270033-2270764	1446	1	1	MOBILE-ADJACENT	site-specific integrase; tyrosine-type recombinase/integrase
GCF_056485875.1	WP_001096887.1	aminoglycoside O-phosphotransferase APH(3')-IIIa	CARD	NZ_JBVVLZ010000003.1	39910-40704	589	1	1	MOBILE-ADJACENT	IS6 family transposase; IS6-like element IS1216 family transposase; ISL3-like element ISEfa11 family transposase
GCF_056485875.1	WP_002289795.1	aminoglycoside 6'-N-acetyltransferase	CARD	NZ_CM151293.1	2374969-2375517	3133	1	1	MOBILE-ADJACENT	ISL3-like element ISEfa5 family transposase
GCF_056485875.1	WP_002291207.1	multidrug efflux MFS transporter EfmA	CARD	NZ_CM151293.1	611246-612532	19848	0	0	no mobile element within 10 kb	
GCF_056485875.1	WP_002296290.1	multidrug efflux ABC transporter subunit EfrA	CARD	NZ_CM151293.1	2263864-2265594	6616	0	1	MOBILE-ADJACENT	
GCF_056485875.1	WP_002302681.1	ABC-F type ribosomal protection protein Msr(C)	CARD	NZ_CM151293.1	2892262-2893740	6407	0	1	MOBILE-ADJACENT	
GCF_056485875.1	WP_002317266.1	D-Ala-D-Ala dipeptidase VanX-B	CARD	NZ_CM151293.1	683060-683668	358	1	1	MOBILE-ADJACENT	IS110 family RNA-guided transposase; IS3-like element ISEnfa3 family transposase; excisionase
GCF_056485875.1	WP_002317268.1	D-lactate dehydrogenase VanH-B	CARD	NZ_CM151293.1	681062-682033	409	1	1	MOBILE-ADJACENT	IS110 family RNA-guided transposase; IS3-like element ISEnfa3 family transposase; excisionase
GCF_056485875.1	WP_002330522.1	VanY-B/VanY-G family D-Ala-D-Ala carboxypeptidase	CARD	NZ_CM151293.1	677636-678442	961	1	1	MOBILE-ADJACENT	IS110 family RNA-guided transposase; plasmid mobilization protein; relaxase/mobilization nuclease domain-containing protein
GCF_056485875.1	WP_021414738.1	tetracycline resistance ribosomal protection protein Tet(M)	CARD;CARD	NZ_CM151293.1	2770233-2772152	24	1	1	MOBILE-ADJACENT	site-specific integrase
GCF_056485875.1	WP_126145181.1	vancomycin resistance response regulator transcription factor VanR-B	CARD	NZ_CM151293.1	675460-676119	1902	1	1	MOBILE-ADJACENT	IS110 family RNA-guided transposase; plasmid mobilization protein; relaxase/mobilization nuclease domain-containing protein
GCF_056485875.1	WP_126145182.1	vancomycin resistance histidine kinase VanS-B	CARD	NZ_CM151293.1	676122-677465	1938	1	1	MOBILE-ADJACENT	IS110 family RNA-guided transposase; plasmid mobilization protein; relaxase/mobilization nuclease domain-containing protein
GCF_056485875.1	WP_126145183.1	D-alanine--(R)-lactate ligase VanB	CARD	NZ_CM151293.1	682026-683054	972	1	1	MOBILE-ADJACENT	IS110 family RNA-guided transposase; IS3-like element ISEnfa3 family transposase; excisionase
GCF_056485875.1	WP_002286379.1	LacI family DNA-binding transcriptional regulator	VFDB	NZ_CM151293.1	451193-452212	181	1	1	MOBILE-ADJACENT	ISL3-like element ISEfa5 family transposase
GCF_056485875.1	WP_002289238.1	collagen-binding MSCRAMM adhesin Acm	VFDB	NZ_CM151293.1	2387941-2390106	7996	0	1	MOBILE-ADJACENT	
GCF_056485875.1	WP_002289382.1	collagen-binding MSCRAMM adhesin Scm	VFDB	NZ_CM151293.1	3025870-3027852	7230	0	1	MOBILE-ADJACENT	
GCF_056485875.1	WP_002289402.1	ATP-dependent Clp endopeptidase proteolytic subunit ClpP	VFDB	NZ_CM151293.1	2260480-2261073	3721	1	1	MOBILE-ADJACENT	IS30 family transposase
GCF_056485875.1	WP_002296629.1	LPXTG-anchored fibrinogen/nidogen-binding adhesin SgrA	VFDB	NZ_CM151293.1	1746708-1747682	1883	1	1	MOBILE-ADJACENT	IS110 family RNA-guided transposase; ISL3 family transposase
GCF_056485875.1	WP_010729285.1	fibrinogen-binding MSCRAMM adhesin Fss3	VFDB	NZ_CM151293.1	2932482-2935709	5248	0	1	MOBILE-ADJACENT	
GCF_056485875.1	WP_059355941.1	Rib/alpha-like domain-containing protein	VFDB	NZ_CM151293.1	2961795-2967722	1795	1	1	MOBILE-ADJACENT	DDE-type integrase/transposase/recombinase; IS3 family transposase; IS30 family transposase
GCF_056485905.1	WP_000067268.1	aminoglycoside nucleotidyltransferase ANT(9)-Ia	CARD	NZ_CM151294.1	2234172-2234954	538	1	1	MOBILE-ADJACENT	site-specific integrase; tyrosine-type recombinase/integrase
GCF_056485905.1	WP_000402347.1	D-Ala-D-Ala dipeptidase VanX-A	CARD;CARD	NZ_JBVVLX010000003.1	40351-40959	176	1	1	MOBILE-ADJACENT	IS256-like element IS1542 family transposase; IS6-like element IS1216 family transposase
GCF_056485905.1	WP_000868795.1	trimethoprim-resistant dihydrofolate reductase DfrG	CARD;CARD	NZ_CM151294.1	63423-63920	3682	1	1	MOBILE-ADJACENT	site-specific integrase
GCF_056485905.1	WP_001028141.1	bifunctional aminoglycoside N-acetyltransferase AAC(6')-Ie/aminoglycoside O-phosphotransferase APH(2'')-Ia	CARD	NZ_JBVVLX010000002.1	113263-114702	108	1	1	MOBILE-ADJACENT	IS256 family transposase; IS3 family transposase; IS3-like element ISEnfa3 family transposase
GCF_056485905.1	WP_001059542.1	D-lactate dehydrogenase VanH-A	CARD	NZ_JBVVLX010000003.1	38353-39321	1814	1	1	MOBILE-ADJACENT	IS256-like element IS1542 family transposase; IS6-like element IS1216 family transposase; recombinase family protein
GCF_056485905.1	WP_001072201.1	23S rRNA (adenine(2058)-N(6))-methyltransferase Erm(A)	CARD;CARD	NZ_CM151294.1	2233315-2234046	1446	1	1	MOBILE-ADJACENT	site-specific integrase; tyrosine-type recombinase/integrase
GCF_056485905.1	WP_001079845.1	D-alanine--(R)-lactate ligase VanA	CARD;CARD	NZ_JBVVLX010000003.1	39314-40345	790	1	1	MOBILE-ADJACENT	IS256-like element IS1542 family transposase; IS6-like element IS1216 family transposase; recombinase family protein
GCF_056485905.1	WP_001280781.1	vancomycin resistance response regulator transcription factor VanR-A	CARD	NZ_JBVVLX010000003.1	36311-37006	152	1	1	MOBILE-ADJACENT	IS256-like element IS1542 family transposase; IS6-like element IS1216 family transposase; recombinase family protein
GCF_056485905.1	WP_002289795.1	aminoglycoside 6'-N-acetyltransferase	CARD	NZ_CM151294.1	2339690-2340238	31522	0	0	no mobile element within 10 kb	
GCF_056485905.1	WP_002296290.1	multidrug efflux ABC transporter subunit EfrA	CARD	NZ_CM151294.1	2227146-2228876	6616	0	1	MOBILE-ADJACENT	
GCF_056485905.1	WP_002302681.1	ABC-F type ribosomal protection protein Msr(C)	CARD	NZ_CM151294.1	2830520-2831998	13042	0	0	no mobile element within 10 kb	
GCF_056485905.1	WP_002305818.1	vancomycin resistance histidine kinase VanS-A	CARD	NZ_JBVVLX010000003.1	36984-38138	825	1	1	MOBILE-ADJACENT	IS256-like element IS1542 family transposase; IS6-like element IS1216 family transposase; recombinase family protein
GCF_056485905.1	WP_002323378.1	multidrug efflux MFS transporter EfmA	CARD	NZ_CM151294.1	577616-578902	2188	1	1	MOBILE-ADJACENT	ISL3 family transposase
GCF_056485905.1	WP_101706228.1	VanY-A/VanY-F/VanY-M family D-Ala-D-Ala carboxypeptidase	CARD	NZ_JBVVLX010000003.1	42110-43057	28	1	1	MOBILE-ADJACENT	IS6-like element IS1216 family transposase
GCF_056485905.1	WP_128704489.1	tetracycline efflux MFS transporter Tet(L)	CARD	NZ_JBVVLX010000003.1	13722-15098	564	1	1	MOBILE-ADJACENT	IS6-like element IS1216 family transposase; MobV family relaxase
GCF_056485905.1	WP_210918721.1	tetracycline resistance ribosomal protection protein Tet(M)	CARD;CARD	NZ_JBVVLX010000003.1	15292-17211	377	1	1	MOBILE-ADJACENT	IS6-like element IS1216 family transposase; IS6-like element ISEnfa1 family transposase; MobV family relaxase
GCF_056485905.1	WP_002289238.1	collagen-binding MSCRAMM adhesin Acm	VFDB	NZ_CM151294.1	2351140-2353305	18455	0	0	no mobile element within 10 kb	
GCF_056485905.1	WP_002289382.1	collagen-binding MSCRAMM adhesin Scm	VFDB	NZ_CM151294.1	2965473-2967455	82	1	1	MOBILE-ADJACENT	ISL3 family transposase
GCF_056485905.1	WP_002289402.1	ATP-dependent Clp endopeptidase proteolytic subunit ClpP	VFDB	NZ_CM151294.1	2223762-2224355	3721	1	1	MOBILE-ADJACENT	IS30 family transposase
GCF_056485905.1	WP_002294628.1	LacI family DNA-binding transcriptional regulator	VFDB	NZ_CM151294.1	435527-436546	50078	0	0	no mobile element within 10 kb	
GCF_056485905.1	WP_002296629.1	LPXTG-anchored fibrinogen/nidogen-binding adhesin SgrA	VFDB	NZ_CM151294.1	1603896-1604870	1883	1	1	MOBILE-ADJACENT	IS110 family RNA-guided transposase; ISL3 family transposase
GCF_056485905.1	WP_010729285.1	fibrinogen-binding MSCRAMM adhesin Fss3	VFDB	NZ_CM151294.1	2870740-2873967	5248	0	1	MOBILE-ADJACENT	
GCF_056485905.1	WP_059355941.1	Rib/alpha-like domain-containing protein	VFDB	NZ_CM151294.1	2901398-2907325	230	1	1	MOBILE-ADJACENT	DDE-type integrase/transposase/recombinase; IS3 family transposase; IS30 family transposase
GCF_056485925.1	WP_000067268.1	aminoglycoside nucleotidyltransferase ANT(9)-Ia	CARD	NZ_CM151296.1	2228653-2229435	538	1	1	MOBILE-ADJACENT	site-specific integrase; tyrosine-type recombinase/integrase
GCF_056485925.1	WP_000402347.1	D-Ala-D-Ala dipeptidase VanX-A	CARD;CARD	NZ_JBVVLW010000003.1	29431-30039	176	1	1	MOBILE-ADJACENT	IS256-like element IS1542 family transposase; IS6-like element IS1216 family transposase
GCF_056485925.1	WP_000868795.1	trimethoprim-resistant dihydrofolate reductase DfrG	CARD;CARD	NZ_CM151296.1	63423-63920	3682	1	1	MOBILE-ADJACENT	site-specific integrase
GCF_056485925.1	WP_001028141.1	bifunctional aminoglycoside N-acetyltransferase AAC(6')-Ie/aminoglycoside O-phosphotransferase APH(2'')-Ia	CARD	NZ_JBVVLW010000002.1	114784-116223	108	1	1	MOBILE-ADJACENT	IS256 family transposase; IS3 family transposase; IS3-like element ISEnfa3 family transposase
GCF_056485925.1	WP_001059542.1	D-lactate dehydrogenase VanH-A	CARD	NZ_JBVVLW010000003.1	27433-28401	1814	1	1	MOBILE-ADJACENT	IS256-like element IS1542 family transposase; IS6-like element IS1216 family transposase; recombinase family protein
GCF_056485925.1	WP_001072201.1	23S rRNA (adenine(2058)-N(6))-methyltransferase Erm(A)	CARD;CARD	NZ_CM151296.1	2227796-2228527	1446	1	1	MOBILE-ADJACENT	site-specific integrase; tyrosine-type recombinase/integrase
GCF_056485925.1	WP_001079845.1	D-alanine--(R)-lactate ligase VanA	CARD;CARD	NZ_JBVVLW010000003.1	28394-29425	790	1	1	MOBILE-ADJACENT	IS256-like element IS1542 family transposase; IS6-like element IS1216 family transposase; recombinase family protein
GCF_056485925.1	WP_001280781.1	vancomycin resistance response regulator transcription factor VanR-A	CARD	NZ_JBVVLW010000003.1	25391-26086	152	1	1	MOBILE-ADJACENT	IS256-like element IS1542 family transposase; IS6-like element IS1216 family transposase; recombinase family protein
GCF_056485925.1	WP_002289795.1	aminoglycoside 6'-N-acetyltransferase	CARD	NZ_CM151296.1	2334171-2334719	31522	0	0	no mobile element within 10 kb	
GCF_056485925.1	WP_002292226.1	23S rRNA (adenine(2058)-N(6))-methyltransferase Erm(B)	CARD	NZ_JBVVLW010000003.1	19077-19814	412	1	1	MOBILE-ADJACENT	IS256-like element IS1542 family transposase; IS30 family transposase; IS6-like element IS1216 family transposase
GCF_056485925.1	WP_002296290.1	multidrug efflux ABC transporter subunit EfrA	CARD	NZ_CM151296.1	2221627-2223357	6616	0	1	MOBILE-ADJACENT	
GCF_056485925.1	WP_002302681.1	ABC-F type ribosomal protection protein Msr(C)	CARD	NZ_CM151296.1	2825001-2826479	13042	0	0	no mobile element within 10 kb	
GCF_056485925.1	WP_002305818.1	vancomycin resistance histidine kinase VanS-A	CARD	NZ_JBVVLW010000003.1	26064-27218	825	1	1	MOBILE-ADJACENT	IS256-like element IS1542 family transposase; IS6-like element IS1216 family transposase; recombinase family protein
GCF_056485925.1	WP_002323378.1	multidrug efflux MFS transporter EfmA	CARD	NZ_CM151296.1	574796-576082	2188	1	1	MOBILE-ADJACENT	ISL3 family transposase
GCF_056485925.1	WP_101706228.1	VanY-A/VanY-F/VanY-M family D-Ala-D-Ala carboxypeptidase	CARD	NZ_JBVVLW010000003.1	31190-32137	28	1	1	MOBILE-ADJACENT	IS6-like element IS1216 family transposase
GCF_056485925.1	WP_128704489.1	tetracycline efflux MFS transporter Tet(L)	CARD	NZ_JBVVLW010000003.1	2802-4178	564	1	1	MOBILE-ADJACENT	MobV family relaxase
GCF_056485925.1	WP_210918721.1	tetracycline resistance ribosomal protection protein Tet(M)	CARD;CARD	NZ_JBVVLW010000003.1	4372-6291	377	1	1	MOBILE-ADJACENT	IS6-like element ISEnfa1 family transposase; MobV family relaxase
GCF_056485925.1	WP_002289238.1	collagen-binding MSCRAMM adhesin Acm	VFDB	NZ_CM151296.1	2345621-2347786	18455	0	0	no mobile element within 10 kb	
GCF_056485925.1	WP_002289382.1	collagen-binding MSCRAMM adhesin Scm	VFDB	NZ_CM151296.1	2959954-2961936	82	1	1	MOBILE-ADJACENT	ISL3 family transposase
GCF_056485925.1	WP_002289402.1	ATP-dependent Clp endopeptidase proteolytic subunit ClpP	VFDB	NZ_CM151296.1	2218243-2218836	3721	1	1	MOBILE-ADJACENT	IS30 family transposase
GCF_056485925.1	WP_002294628.1	LacI family DNA-binding transcriptional regulator	VFDB	NZ_CM151296.1	432707-433726	50078	0	0	no mobile element within 10 kb	
GCF_056485925.1	WP_002296629.1	LPXTG-anchored fibrinogen/nidogen-binding adhesin SgrA	VFDB	NZ_CM151296.1	1601400-1602374	1883	1	1	MOBILE-ADJACENT	IS110 family RNA-guided transposase; ISL3 family transposase
GCF_056485925.1	WP_010729285.1	fibrinogen-binding MSCRAMM adhesin Fss3	VFDB	NZ_CM151296.1	2865221-2868448	5248	0	1	MOBILE-ADJACENT	
GCF_056485925.1	WP_059355941.1	Rib/alpha-like domain-containing protein	VFDB	NZ_CM151296.1	2895879-2901806	230	1	1	MOBILE-ADJACENT	DDE-type integrase/transposase/recombinase; IS3 family transposase; IS30 family transposase
GCF_900639535.1	WP_000402347.1	D-Ala-D-Ala dipeptidase VanX-A	CARD;CARD	NZ_LR135346.1	8220-8828	477	1	1	MOBILE-ADJACENT	IS30 family transposase; IS6-like element IS1216 family transposase; Tn3 family transposase
GCF_900639535.1	WP_000868795.1	trimethoprim-resistant dihydrofolate reductase DfrG	CARD;CARD	NZ_LR135344.1	1151705-1152202	4083	1	1	MOBILE-ADJACENT	IS256-like element ISEf1 family transposase
GCF_900639535.1	WP_001059542.1	D-lactate dehydrogenase VanH-A	CARD	NZ_LR135346.1	6222-7190	2115	1	1	MOBILE-ADJACENT	IS30 family transposase; IS6-like element IS1216 family transposase; Tn3 family transposase
GCF_900639535.1	WP_001079844.1	D-alanine--(R)-lactate ligase VanA	CARD;CARD	NZ_LR135346.1	7183-8214	1091	1	1	MOBILE-ADJACENT	IS30 family transposase; IS6-like element IS1216 family transposase; Tn3 family transposase
GCF_900639535.1	WP_001280781.1	vancomycin resistance response regulator transcription factor VanR-A	CARD	NZ_LR135346.1	4180-4875	214	1	1	MOBILE-ADJACENT	IS6-like element IS1216 family transposase; Tn3 family transposase; recombinase family protein
GCF_900639535.1	WP_002287458.1	ABC-F type ribosomal protection protein Msr(C)	CARD	NZ_LR135344.1	2804932-2806410	6165	0	1	MOBILE-ADJACENT	
GCF_900639535.1	WP_002289795.1	aminoglycoside 6'-N-acetyltransferase	CARD	NZ_LR135344.1	2336150-2336698	12051	0	0	no mobile element within 10 kb	
GCF_900639535.1	WP_002291207.1	multidrug efflux MFS transporter EfmA	CARD	NZ_LR135344.1	534671-535957	25537	0	0	no mobile element within 10 kb	
GCF_900639535.1	WP_002296290.1	multidrug efflux ABC transporter subunit EfrA	CARD	NZ_LR135344.1	2235580-2237310	7105	0	1	MOBILE-ADJACENT	
GCF_900639535.1	WP_002305818.1	vancomycin resistance histidine kinase VanS-A	CARD	NZ_LR135346.1	4853-6007	887	1	1	MOBILE-ADJACENT	IS30 family transposase; IS6-like element IS1216 family transposase; Tn3 family transposase
GCF_900639535.1	WP_127820646.1	23S ribosomal RNA methyltransferase Erm, partial	CARD	NZ_LR135346.1	39497-40152	2761	1	1	MOBILE-ADJACENT	recombinase family protein
GCF_900639535.1	WP_002286379.1	LacI family DNA-binding transcriptional regulator	VFDB	NZ_LR135344.1	386882-387901	88	1	1	MOBILE-ADJACENT	IS3-like element ISEnfa3 family transposase; ISL3 family transposase; ISL3-like element ISEfa11 family transposase
GCF_900639535.1	WP_002286924.1	fibrinogen-binding MSCRAMM adhesin Fss3	VFDB	NZ_LR135344.1	1922139-1925366	4329	1	1	MOBILE-ADJACENT	MobT family relaxase
GCF_900639535.1	WP_002289238.1	collagen-binding MSCRAMM adhesin Acm	VFDB	NZ_LR135344.1	2347599-2349764	23500	0	0	no mobile element within 10 kb	
GCF_900639535.1	WP_002289402.1	ATP-dependent Clp endopeptidase proteolytic subunit ClpP	VFDB	NZ_LR135344.1	2232196-2232789	3721	1	1	MOBILE-ADJACENT	IS30 family transposase
GCF_900639535.1	WP_002305526.1	fibrinogen-binding MSCRAMM adhesin Fss3	VFDB	NZ_LR135344.1	2850034-2853261	417	1	1	MOBILE-ADJACENT	pLS20_p028 family conjugation system transmembrane protein; site-specific integrase
GCF_900639535.1	WP_060797591.1	LPXTG-anchored fibrinogen/nidogen-binding adhesin SgrA	VFDB	NZ_LR135344.1	1516470-1517444	4186	1	1	MOBILE-ADJACENT	IS110 family transposase
GCF_900639535.1	WP_127820637.1	Rib/alpha-like domain-containing protein	VFDB	NZ_LR135344.1	2883806-2889508	4397	1	1	MOBILE-ADJACENT	DDE-type integrase/transposase/recombinase; IS3 family transposase
GCF_900639535.1	WP_127820638.1	collagen-binding MSCRAMM adhesin Scm	VFDB	NZ_LR135344.1	2972839-2974425	31804	0	0	no mobile element within 10 kb	
GCF_900639715.1	WP_000402347.1	D-Ala-D-Ala dipeptidase VanX-A	CARD;CARD	NZ_LR135491.1	14168-14776	80	1	1	MOBILE-ADJACENT	IS256-like element IS1542 family transposase; IS6-like element IS1216 family transposase
GCF_900639715.1	WP_000516404.1	glycopeptide resistance protein VanZ-A	CARD	NZ_LR135491.1	11658-12143	1265	1	1	MOBILE-ADJACENT	IS6-like element IS1216 family transposase; recombinase family protein
GCF_900639715.1	WP_000868795.1	trimethoprim-resistant dihydrofolate reductase DfrG	CARD;CARD	NZ_LR135488.1	1203246-1203743	4083	1	1	MOBILE-ADJACENT	IS256-like element ISEf1 family transposase
GCF_900639715.1	WP_001059542.1	D-lactate dehydrogenase VanH-A	CARD	NZ_LR135491.1	15806-16774	1718	1	1	MOBILE-ADJACENT	IS256-like element IS1542 family transposase; IS6-like element IS1216 family transposase; recombinase family protein
GCF_900639715.1	WP_001079845.1	D-alanine--(R)-lactate ligase VanA	CARD;CARD	NZ_LR135491.1	14782-15813	694	1	1	MOBILE-ADJACENT	IS256-like element IS1542 family transposase; IS6-like element IS1216 family transposase; recombinase family protein
GCF_900639715.1	WP_001280781.1	vancomycin resistance response regulator transcription factor VanR-A	CARD	NZ_LR135491.1	18121-18816	152	1	1	MOBILE-ADJACENT	IS256-like element IS1542 family transposase; IS6-like element IS1216 family transposase; recombinase family protein
GCF_900639715.1	WP_001812592.1	D-Ala-D-Ala carboxypeptidase VanY-A	CARD	NZ_LR135491.1	12296-13207	201	1	1	MOBILE-ADJACENT	IS6-like element IS1216 family transposase; recombinase family protein
GCF_900639715.1	WP_002287458.1	ABC-F type ribosomal protection protein Msr(C)	CARD	NZ_LR135488.1	2818681-2820159	6164	0	1	MOBILE-ADJACENT	
GCF_900639715.1	WP_002289795.1	aminoglycoside 6'-N-acetyltransferase	CARD	NZ_LR135488.1	2385395-2385943	23960	0	0	no mobile element within 10 kb	
GCF_900639715.1	WP_002291207.1	multidrug efflux MFS transporter EfmA	CARD	NZ_LR135488.1	535260-536546	25537	0	0	no mobile element within 10 kb	
GCF_900639715.1	WP_002294505.1	aminoglycoside nucleotidyltransferase ANT(6)-Ia	CARD;CARD	NZ_LR135491.1	1179-2042	799	1	1	MOBILE-ADJACENT	DNA recombinase; recombinase; recombinase family protein
GCF_900639715.1	WP_002296290.1	multidrug efflux ABC transporter subunit EfrA	CARD	NZ_LR135488.1	2287673-2289403	7105	0	1	MOBILE-ADJACENT	
GCF_900639715.1	WP_002305818.1	vancomycin resistance histidine kinase VanS-A	CARD	NZ_LR135491.1	16989-18143	825	1	1	MOBILE-ADJACENT	IS256-like element IS1542 family transposase; IS6-like element IS1216 family transposase; recombinase family protein
GCF_900639715.1	WP_002286379.1	LacI family DNA-binding transcriptional regulator	VFDB	NZ_LR135488.1	384058-385077	1779	1	1	MOBILE-ADJACENT	ISL3 family transposase
GCF_900639715.1	WP_002286924.1	fibrinogen-binding MSCRAMM adhesin Fss3	VFDB	NZ_LR135488.1	1963089-1966316	4329	1	1	MOBILE-ADJACENT	MobT family relaxase
GCF_900639715.1	WP_002289238.1	collagen-binding MSCRAMM adhesin Acm	VFDB	NZ_LR135488.1	2396844-2399009	10894	0	0	no mobile element within 10 kb	
GCF_900639715.1	WP_002289402.1	ATP-dependent Clp endopeptidase proteolytic subunit ClpP	VFDB	NZ_LR135488.1	2284289-2284882	3721	1	1	MOBILE-ADJACENT	IS30 family transposase
GCF_900639715.1	WP_002296629.1	LPXTG-anchored fibrinogen/nidogen-binding adhesin SgrA	VFDB	NZ_LR135488.1	1560816-1561790	4187	1	1	MOBILE-ADJACENT	IS110 family transposase
GCF_900639715.1	WP_010729285.1	fibrinogen-binding MSCRAMM adhesin Fss3	VFDB	NZ_LR135488.1	2870668-2873895	417	1	1	MOBILE-ADJACENT	pLS20_p028 family conjugation system transmembrane protein; site-specific integrase
GCF_900639715.1	WP_061086310.1	collagen-binding MSCRAMM adhesin Scm	VFDB	NZ_LR135488.1	2962663-2964303	31805	0	0	no mobile element within 10 kb	
GCF_900639715.1	WP_111994887.1	Rib/alpha-like domain-containing protein	VFDB	NZ_LR135488.1	2898588-2904515	4394	1	1	MOBILE-ADJACENT	DDE-type integrase/transposase/recombinase; IS3 family transposase; transposase family protein
